municipality_code,municipality_name,harvest_year,latitude,longitude,water_deficit_reproductive_mm,dry_spell_longest_reproductive_days,hot_days_reproductive,precip_total_season_mm,yield_kg_ha
4301859,Barra do Guarita,1993,-27.20774,-53.75395000000001,131.36249758009046,7.0,0.0,810.0,1800.0
4301859,Barra do Guarita,1994,-27.20774,-53.75395000000001,0.0,6.0,0.0,1134.1,1800.0
4301859,Barra do Guarita,1995,-27.20774,-53.75395000000001,0.0,7.0,0.0,1303.5999999999992,1500.0
4301859,Barra do Guarita,1996,-27.20774,-53.75395000000001,0.0,7.0,0.0,1099.7,1400.0
4301859,Barra do Guarita,1997,-27.20774,-53.75395000000001,0.0,5.0,0.0,1250.4999999999995,1260.0
4301859,Barra do Guarita,1998,-27.20774,-53.75395000000001,0.0,6.0,0.0,1986.1000000000008,1800.0
4301859,Barra do Guarita,1999,-27.20774,-53.75395000000001,51.807732102015976,6.0,0.0,934.6999999999999,1000.0
4301859,Barra do Guarita,2000,-27.20774,-53.75395000000001,70.85547608248793,8.0,0.0,902.5000000000003,1800.0
4301859,Barra do Guarita,2001,-27.20774,-53.75395000000001,0.0,6.0,0.0,1445.3,1740.0
4301859,Barra do Guarita,2002,-27.20774,-53.75395000000001,129.27052186082847,8.0,0.0,862.0999999999997,1382.0
4301859,Barra do Guarita,2003,-27.20774,-53.75395000000001,0.0,5.0,0.0,1236.9999999999998,2220.0
4301859,Barra do Guarita,2004,-27.20774,-53.75395000000001,129.59055676962507,7.0,0.0,947.3000000000004,1449.0
4301859,Barra do Guarita,2005,-27.20774,-53.75395000000001,269.24063079472006,18.0,4.0,687.9000000000004,600.0
4301859,Barra do Guarita,2006,-27.20774,-53.75395000000001,189.38963830874832,7.0,5.0,977.0,1000.0
4301859,Barra do Guarita,2007,-27.20774,-53.75395000000001,0.0,6.0,0.0,1065.0,2500.0
4301859,Barra do Guarita,2008,-27.20774,-53.75395000000001,128.9361314265724,10.0,0.0,906.1000000000005,1100.0
4301859,Barra do Guarita,2009,-27.20774,-53.75395000000001,134.47429896842533,7.0,0.0,859.0000000000001,1680.0
4301859,Barra do Guarita,2010,-27.20774,-53.75395000000001,0.0,9.0,1.0,1127.5000000000005,1800.0
4301859,Barra do Guarita,2011,-27.20774,-53.75395000000001,0.0,4.0,0.0,1234.5999999999997,2700.0
4301859,Barra do Guarita,2012,-27.20774,-53.75395000000001,234.02127781485217,10.0,8.0,582.7,1080.0
4301859,Barra do Guarita,2013,-27.20774,-53.75395000000001,0.0,7.0,0.0,998.8000000000002,2400.0
4301859,Barra do Guarita,2014,-27.20774,-53.75395000000001,128.83316986681598,8.0,12.0,808.4000000000001,2700.0
4301859,Barra do Guarita,2015,-27.20774,-53.75395000000001,0.0,4.0,0.0,1013.1000000000003,2400.0
4301859,Barra do Guarita,2016,-27.20774,-53.75395000000001,0.0,15.0,0.0,1559.299999999999,2700.0
4301859,Barra do Guarita,2017,-27.20774,-53.75395000000001,0.0,5.0,0.0,1085.2,2700.0
4301859,Barra do Guarita,2018,-27.20774,-53.75395000000001,0.0,7.0,0.0,1071.3000000000002,2700.0
4301859,Barra do Guarita,2019,-27.20774,-53.75395000000001,17.406102775416898,6.0,2.0,1040.8,2700.0
4301859,Barra do Guarita,2020,-27.20774,-53.75395000000001,69.04669360195794,6.0,2.0,803.4000000000002,3000.0
4301859,Barra do Guarita,2021,-27.20774,-53.75395000000001,0.0,7.0,0.0,775.0000000000001,2700.0
4301859,Barra do Guarita,2022,-27.20774,-53.75395000000001,257.1924151513117,9.0,20.0,815.6999999999998,900.0
4301859,Barra do Guarita,2023,-27.20774,-53.75395000000001,184.37075585115088,6.0,1.0,696.6000000000001,2400.0
4301859,Barra do Guarita,2024,-27.20774,-53.75395000000001,38.69032298686257,8.0,2.0,1733.9,3300.0
4302204,Boa Vista do Buricá,1980,-27.673372727272724,-54.098354545454534,0.0,8.0,0.0,1217.5,1200.0
4302204,Boa Vista do Buricá,1981,-27.673372727272724,-54.098354545454534,49.66486692263238,9.0,0.0,749.7,1650.0
4302204,Boa Vista do Buricá,1982,-27.673372727272724,-54.098354545454534,102.18808935347431,10.0,1.0,707.4000000000001,1200.0
4302204,Boa Vista do Buricá,1983,-27.673372727272724,-54.098354545454534,0.0,7.0,0.0,1250.5000000000002,1151.0
4302204,Boa Vista do Buricá,1984,-27.673372727272724,-54.098354545454534,139.94504371548297,9.0,3.0,659.3,1600.0
4302204,Boa Vista do Buricá,1985,-27.673372727272724,-54.098354545454534,175.7994807296738,7.0,2.0,829.0999999999996,1700.0
4302204,Boa Vista do Buricá,1986,-27.673372727272724,-54.098354545454534,115.81618168627556,6.0,7.0,714.2,1200.0
4302204,Boa Vista do Buricá,1987,-27.673372727272724,-54.098354545454534,0.0,7.0,0.0,964.7999999999998,1200.0
4302204,Boa Vista do Buricá,1988,-27.673372727272724,-54.098354545454534,48.24879845257082,7.0,2.0,854.7000000000002,900.0
4302204,Boa Vista do Buricá,1989,-27.673372727272724,-54.098354545454534,0.0,5.0,0.0,860.1000000000003,1800.0
4302204,Boa Vista do Buricá,1990,-27.673372727272724,-54.098354545454534,0.0,5.0,0.0,954.2000000000005,1260.0
4302204,Boa Vista do Buricá,1991,-27.673372727272724,-54.098354545454534,297.9258450575557,12.0,3.0,799.7000000000003,500.0
4302204,Boa Vista do Buricá,1992,-27.673372727272724,-54.098354545454534,0.0,13.0,0.0,1008.9000000000002,1500.0
4302204,Boa Vista do Buricá,1993,-27.673372727272724,-54.098354545454534,127.7245957095105,7.0,0.0,749.8999999999996,1800.0
4302204,Boa Vista do Buricá,1994,-27.673372727272724,-54.098354545454534,0.0,9.0,0.0,1144.7999999999995,1600.0
4302204,Boa Vista do Buricá,1995,-27.673372727272724,-54.098354545454534,0.0,4.0,0.0,1338.7999999999997,1500.0
4302204,Boa Vista do Buricá,1996,-27.673372727272724,-54.098354545454534,0.0,9.0,2.0,917.9000000000008,1100.0
4302204,Boa Vista do Buricá,1997,-27.673372727272724,-54.098354545454534,36.79149585146026,5.0,0.0,1033.8000000000002,1200.0
4302204,Boa Vista do Buricá,1998,-27.673372727272724,-54.098354545454534,0.0,6.0,0.0,1984.0000000000005,1620.0
4302204,Boa Vista do Buricá,1999,-27.673372727272724,-54.098354545454534,72.30632447780432,6.0,0.0,859.7000000000002,1096.0
4302204,Boa Vista do Buricá,2000,-27.673372727272724,-54.098354545454534,71.417048552892,8.0,1.0,902.5000000000001,1240.0
4302204,Boa Vista do Buricá,2001,-27.673372727272724,-54.098354545454534,0.0,6.0,0.0,1445.6999999999996,1800.0
4302204,Boa Vista do Buricá,2002,-27.673372727272724,-54.098354545454534,129.28909886196058,9.0,0.0,844.1000000000004,1657.0
4302204,Boa Vista do Buricá,2003,-27.673372727272724,-54.098354545454534,0.0,5.0,0.0,1338.6000000000001,2040.0
4302204,Boa Vista do Buricá,2004,-27.673372727272724,-54.098354545454534,169.42067039538,8.0,0.0,945.3999999999999,512.0
4302204,Boa Vista do Buricá,2005,-27.673372727272724,-54.098354545454534,237.80316701645333,20.0,5.0,689.1,420.0
4302204,Boa Vista do Buricá,2006,-27.673372727272724,-54.098354545454534,189.82930502984314,7.0,9.0,910.7000000000004,1800.0
4302204,Boa Vista do Buricá,2007,-27.673372727272724,-54.098354545454534,0.0,6.0,0.0,1027.9000000000003,2220.0
4302204,Boa Vista do Buricá,2008,-27.673372727272724,-54.098354545454534,135.15861517922497,10.0,0.0,864.8000000000008,1047.0
4302204,Boa Vista do Buricá,2009,-27.673372727272724,-54.098354545454534,155.02356898967142,8.0,0.0,787.2000000000002,1500.0
4302204,Boa Vista do Buricá,2010,-27.673372727272724,-54.098354545454534,0.0,9.0,3.0,1126.3999999999999,2100.0
4302204,Boa Vista do Buricá,2011,-27.673372727272724,-54.098354545454534,0.0,4.0,0.0,1001.2,2400.0
4302204,Boa Vista do Buricá,2012,-27.673372727272724,-54.098354545454534,293.54184412497506,10.0,16.0,567.1999999999999,480.0
4302204,Boa Vista do Buricá,2013,-27.673372727272724,-54.098354545454534,13.059946622216923,7.0,0.0,958.9000000000004,2700.0
4302204,Boa Vista do Buricá,2014,-27.673372727272724,-54.098354545454534,140.9851713983212,8.0,15.0,787.9000000000001,2100.0
4302204,Boa Vista do Buricá,2015,-27.673372727272724,-54.098354545454534,0.0,5.0,0.0,969.1999999999999,2520.0
4302204,Boa Vista do Buricá,2016,-27.673372727272724,-54.098354545454534,0.0,16.0,0.0,1458.0999999999995,3000.0
4302204,Boa Vista do Buricá,2017,-27.673372727272724,-54.098354545454534,11.889197236531103,5.0,0.0,1001.3000000000002,3300.0
4302204,Boa Vista do Buricá,2018,-27.673372727272724,-54.098354545454534,47.74999550646388,10.0,0.0,975.9000000000001,3000.0
4302204,Boa Vista do Buricá,2019,-27.673372727272724,-54.098354545454534,42.244602667040056,7.0,3.0,963.1000000000004,2880.0
4302204,Boa Vista do Buricá,2020,-27.673372727272724,-54.098354545454534,144.75600324576808,9.0,9.0,710.4999999999997,1860.0
4302204,Boa Vista do Buricá,2021,-27.673372727272724,-54.098354545454534,96.94360041960894,7.0,0.0,596.3,2700.0
4302204,Boa Vista do Buricá,2022,-27.673372727272724,-54.098354545454534,267.1207476458458,10.0,33.0,945.4000000000002,600.0
4302204,Boa Vista do Buricá,2023,-27.673372727272724,-54.098354545454534,288.67762829480256,7.0,7.0,566.7000000000002,1500.0
4302204,Boa Vista do Buricá,2024,-27.673372727272724,-54.098354545454534,79.75022362525175,9.0,4.0,1787.8000000000004,2700.0
4302378,Bom Progresso,1993,-27.5466,-53.85043333333333,102.63528889167215,7.0,0.0,834.6,1800.0
4302378,Bom Progresso,1994,-27.5466,-53.85043333333333,0.0,9.0,0.0,1203.5000000000002,1800.0
4302378,Bom Progresso,1995,-27.5466,-53.85043333333333,0.0,4.0,0.0,1368.2999999999995,1800.0
4302378,Bom Progresso,1996,-27.5466,-53.85043333333333,0.0,9.0,0.0,1048.7000000000003,1600.0
4302378,Bom Progresso,1997,-27.5466,-53.85043333333333,0.0,5.0,0.0,1155.8000000000004,1440.0
4302378,Bom Progresso,1998,-27.5466,-53.85043333333333,0.0,6.0,0.0,2069.5,2040.0
4302378,Bom Progresso,1999,-27.5466,-53.85043333333333,55.51097352676781,6.0,0.0,944.8999999999997,1829.0
4302378,Bom Progresso,2000,-27.5466,-53.85043333333333,63.92145317940259,7.0,0.0,900.0000000000003,1680.0
4302378,Bom Progresso,2001,-27.5466,-53.85043333333333,0.0,6.0,0.0,1460.9999999999993,2100.0
4302378,Bom Progresso,2002,-27.5466,-53.85043333333333,131.2568886239981,9.0,0.0,904.1999999999999,1155.0
4302378,Bom Progresso,2003,-27.5466,-53.85043333333333,0.0,5.0,0.0,1351.5000000000002,2400.0
4302378,Bom Progresso,2004,-27.5466,-53.85043333333333,133.4686502556089,8.0,0.0,1001.8000000000003,1151.0
4302378,Bom Progresso,2005,-27.5466,-53.85043333333333,236.2999257833721,19.0,2.0,738.1000000000003,540.0
4302378,Bom Progresso,2006,-27.5466,-53.85043333333333,186.63186341036774,6.0,5.0,1003.9000000000003,2000.0
4302378,Bom Progresso,2007,-27.5466,-53.85043333333333,0.0,6.0,0.0,1070.8999999999996,2880.0
4302378,Bom Progresso,2008,-27.5466,-53.85043333333333,127.6356654525637,10.0,0.0,941.0000000000005,2000.0
4302378,Bom Progresso,2009,-27.5466,-53.85043333333333,137.15944470045525,6.0,0.0,839.0000000000002,1800.0
4302378,Bom Progresso,2010,-27.5466,-53.85043333333333,0.0,9.0,0.0,1114.3,2400.0
4302378,Bom Progresso,2011,-27.5466,-53.85043333333333,0.0,4.0,0.0,1165.9999999999998,2880.0
4302378,Bom Progresso,2012,-27.5466,-53.85043333333333,229.96199353666236,10.0,7.0,599.3000000000001,1755.0
4302378,Bom Progresso,2013,-27.5466,-53.85043333333333,0.0,7.0,0.0,1056.8000000000002,2880.0
4302378,Bom Progresso,2014,-27.5466,-53.85043333333333,113.55903785253895,8.0,8.0,850.6999999999998,3000.0
4302378,Bom Progresso,2015,-27.5466,-53.85043333333333,0.0,4.0,0.0,1120.1000000000001,3300.0
4302378,Bom Progresso,2016,-27.5466,-53.85043333333333,0.0,12.0,0.0,1600.4999999999993,3480.0
4302378,Bom Progresso,2017,-27.5466,-53.85043333333333,0.0,5.0,0.0,1066.7999999999995,3000.0
4302378,Bom Progresso,2018,-27.5466,-53.85043333333333,23.005967016844927,11.0,0.0,1027.2000000000005,3600.0
4302378,Bom Progresso,2019,-27.5466,-53.85043333333333,36.67002250177253,7.0,0.0,977.8000000000001,3300.0
4302378,Bom Progresso,2020,-27.5466,-53.85043333333333,93.67752888771484,8.0,2.0,723.2000000000004,3000.0
4302378,Bom Progresso,2021,-27.5466,-53.85043333333333,58.270678185769725,7.0,0.0,652.7000000000003,3000.0
4302378,Bom Progresso,2022,-27.5466,-53.85043333333333,272.5444682504528,9.0,19.0,817.8999999999999,1200.0
4302378,Bom Progresso,2023,-27.5466,-53.85043333333333,185.41162206349608,6.0,0.0,620.2000000000002,2700.0
4302378,Bom Progresso,2024,-27.5466,-53.85043333333333,20.741716157041033,10.0,0.0,1758.4999999999989,3300.0
4302600,Braga,1980,-27.593590909090906,-53.74865454545454,0.0,8.0,0.0,1272.499999999999,1800.0
4302600,Braga,1981,-27.593590909090906,-53.74865454545454,35.41863686934624,5.0,0.0,820.5000000000006,1800.0
4302600,Braga,1982,-27.593590909090906,-53.74865454545454,0.0,8.0,0.0,878.7000000000003,1270.0
4302600,Braga,1983,-27.593590909090906,-53.74865454545454,0.0,6.0,0.0,1347.9000000000005,2006.0
4302600,Braga,1984,-27.593590909090906,-53.74865454545454,83.66175839587588,8.0,0.0,713.4,1400.0
4302600,Braga,1985,-27.593590909090906,-53.74865454545454,131.02586914406876,7.0,0.0,854.7,1720.0
4302600,Braga,1986,-27.593590909090906,-53.74865454545454,81.15039297237983,6.0,0.0,683.4000000000002,1200.0
4302600,Braga,1987,-27.593590909090906,-53.74865454545454,0.0,7.0,0.0,943.4999999999999,1260.0
4302600,Braga,1988,-27.593590909090906,-53.74865454545454,8.239147798172654,5.0,0.0,963.4999999999998,948.0
4302600,Braga,1989,-27.593590909090906,-53.74865454545454,0.0,4.0,0.0,900.9999999999998,1800.0
4302600,Braga,1990,-27.593590909090906,-53.74865454545454,0.0,4.0,0.0,1028.1999999999996,1920.0
4302600,Braga,1991,-27.593590909090906,-53.74865454545454,273.01777809375096,12.0,1.0,790.3999999999999,540.0
4302600,Braga,1992,-27.593590909090906,-53.74865454545454,0.0,10.0,0.0,1177.2999999999995,1800.0
4302600,Braga,1993,-27.593590909090906,-53.74865454545454,90.9186996643647,7.0,0.0,834.6,1800.0
4302600,Braga,1994,-27.593590909090906,-53.74865454545454,0.0,9.0,0.0,1203.5000000000002,1700.0
4302600,Braga,1995,-27.593590909090906,-53.74865454545454,0.0,4.0,0.0,1368.2999999999995,1900.0
4302600,Braga,1996,-27.593590909090906,-53.74865454545454,0.0,9.0,0.0,1048.7000000000003,1545.0
4302600,Braga,1997,-27.593590909090906,-53.74865454545454,0.0,5.0,0.0,1155.8000000000004,1575.0
4302600,Braga,1998,-27.593590909090906,-53.74865454545454,0.0,6.0,0.0,2069.5,1980.0
4302600,Braga,1999,-27.593590909090906,-53.74865454545454,45.70915339104239,6.0,0.0,944.8999999999997,1500.0
4302600,Braga,2000,-27.593590909090906,-53.74865454545454,54.267659352652956,7.0,0.0,900.0000000000003,1620.0
4302600,Braga,2001,-27.593590909090906,-53.74865454545454,0.0,6.0,0.0,1460.9999999999993,1900.0
4302600,Braga,2002,-27.593590909090906,-53.74865454545454,120.86180977145885,9.0,0.0,904.1999999999999,840.0
4302600,Braga,2003,-27.593590909090906,-53.74865454545454,0.0,5.0,0.0,1351.5000000000002,1800.0
4302600,Braga,2004,-27.593590909090906,-53.74865454545454,128.10946361649087,8.0,0.0,1001.8000000000003,950.0
4302600,Braga,2005,-27.593590909090906,-53.74865454545454,228.40172462067767,19.0,2.0,738.1000000000003,420.0
4302600,Braga,2006,-27.593590909090906,-53.74865454545454,174.5419970032628,6.0,2.0,1003.9000000000003,1620.0
4302600,Braga,2007,-27.593590909090906,-53.74865454545454,0.0,6.0,0.0,1070.8999999999996,2400.0
4302600,Braga,2008,-27.593590909090906,-53.74865454545454,119.10552179934538,10.0,0.0,941.0000000000005,1800.0
4302600,Braga,2009,-27.593590909090906,-53.74865454545454,126.18030197114729,6.0,0.0,839.0000000000002,2400.0
4302600,Braga,2010,-27.593590909090906,-53.74865454545454,0.0,9.0,0.0,1114.3,2280.0
4302600,Braga,2011,-27.593590909090906,-53.74865454545454,0.0,4.0,0.0,1165.9999999999998,2700.0
4302600,Braga,2012,-27.593590909090906,-53.74865454545454,218.815072309783,10.0,7.0,599.3000000000001,1500.0
4302600,Braga,2013,-27.593590909090906,-53.74865454545454,0.0,7.0,0.0,1056.8000000000002,2700.0
4302600,Braga,2014,-27.593590909090906,-53.74865454545454,101.70999566751804,8.0,5.0,850.6999999999998,2700.0
4302600,Braga,2015,-27.593590909090906,-53.74865454545454,0.0,4.0,0.0,1120.1000000000001,3000.0
4302600,Braga,2016,-27.593590909090906,-53.74865454545454,0.0,12.0,0.0,1600.4999999999993,3000.0
4302600,Braga,2017,-27.593590909090906,-53.74865454545454,0.0,4.0,0.0,1080.9999999999993,3000.0
4302600,Braga,2018,-27.593590909090906,-53.74865454545454,12.021252445008011,9.0,0.0,1050.5000000000005,3300.0
4302600,Braga,2019,-27.593590909090906,-53.74865454545454,18.406571552488998,7.0,0.0,985.6000000000003,3300.0
4302600,Braga,2020,-27.593590909090906,-53.74865454545454,77.8685904815582,9.0,2.0,760.4000000000002,2700.0
4302600,Braga,2021,-27.593590909090906,-53.74865454545454,80.0827879919718,7.0,0.0,633.9999999999998,3600.0
4302600,Braga,2022,-27.593590909090906,-53.74865454545454,256.1299939857491,8.0,12.0,788.4999999999998,800.0
4302600,Braga,2023,-27.593590909090906,-53.74865454545454,185.17610372974104,7.0,0.0,637.2999999999998,2520.0
4302600,Braga,2024,-27.593590909090906,-53.74865454545454,5.363971548480574,7.0,0.0,1746.1,3600.0
4304002,Campo Novo,1980,-27.669228571428572,-53.833621428571426,0.0,8.0,0.0,1212.2999999999997,1800.0
4304002,Campo Novo,1981,-27.669228571428572,-53.833621428571426,26.29731200688692,3.0,0.0,785.3000000000004,1973.0
4304002,Campo Novo,1982,-27.669228571428572,-53.833621428571426,15.394833395135333,7.0,0.0,828.0000000000001,1260.0
4304002,Campo Novo,1983,-27.669228571428572,-53.833621428571426,0.0,5.0,0.0,1288.5000000000007,1711.0
4304002,Campo Novo,1984,-27.669228571428572,-53.833621428571426,67.39200608375754,8.0,0.0,727.7999999999997,1600.0
4304002,Campo Novo,1985,-27.669228571428572,-53.833621428571426,131.5792557232216,6.0,0.0,874.9000000000002,1740.0
4304002,Campo Novo,1986,-27.669228571428572,-53.833621428571426,94.2567479627137,5.0,0.0,710.9000000000004,1200.0
4304002,Campo Novo,1987,-27.669228571428572,-53.833621428571426,0.0,7.0,0.0,989.3000000000001,1800.0
4304002,Campo Novo,1988,-27.669228571428572,-53.833621428571426,13.343142629253204,5.0,0.0,913.0000000000006,1500.0
4304002,Campo Novo,1989,-27.669228571428572,-53.833621428571426,0.0,4.0,0.0,909.1999999999998,2100.0
4304002,Campo Novo,1990,-27.669228571428572,-53.833621428571426,0.0,4.0,0.0,990.1000000000001,2100.0
4304002,Campo Novo,1991,-27.669228571428572,-53.833621428571426,270.3769977935854,12.0,1.0,807.3,692.0
4304002,Campo Novo,1992,-27.669228571428572,-53.833621428571426,0.0,10.0,0.0,1119.7000000000007,2100.0
4304002,Campo Novo,1993,-27.669228571428572,-53.833621428571426,86.71981762203029,7.0,0.0,802.6000000000005,2400.0
4304002,Campo Novo,1994,-27.669228571428572,-53.833621428571426,0.0,9.0,0.0,1175.8999999999994,2000.0
4304002,Campo Novo,1995,-27.669228571428572,-53.833621428571426,0.0,4.0,0.0,1383.3999999999999,1800.0
4304002,Campo Novo,1996,-27.669228571428572,-53.833621428571426,0.0,9.0,0.0,965.9,1500.0
4304002,Campo Novo,1997,-27.669228571428572,-53.833621428571426,0.0,5.0,0.0,1075.6999999999994,1900.0
4304002,Campo Novo,1998,-27.669228571428572,-53.833621428571426,0.0,6.0,0.0,2006.0,2400.0
4304002,Campo Novo,1999,-27.669228571428572,-53.833621428571426,51.124661457121675,6.0,0.0,908.9000000000003,1560.0
4304002,Campo Novo,2000,-27.669228571428572,-53.833621428571426,54.73798784588816,8.0,0.0,904.9000000000004,1800.0
4304002,Campo Novo,2001,-27.669228571428572,-53.833621428571426,0.0,6.0,0.0,1448.9999999999998,2400.0
4304002,Campo Novo,2002,-27.669228571428572,-53.833621428571426,116.23485367440693,9.0,0.0,923.4,1800.0
4304002,Campo Novo,2003,-27.669228571428572,-53.833621428571426,0.0,8.0,0.0,1388.1,2100.0
4304002,Campo Novo,2004,-27.669228571428572,-53.833621428571426,141.28518000453064,8.0,0.0,1012.8,1600.0
4304002,Campo Novo,2005,-27.669228571428572,-53.833621428571426,209.73411389696759,19.0,2.0,727.8000000000005,500.0
4304002,Campo Novo,2006,-27.669228571428572,-53.833621428571426,161.56968893457142,6.0,3.0,941.3,2100.0
4304002,Campo Novo,2007,-27.669228571428572,-53.833621428571426,0.0,6.0,0.0,1045.9999999999995,2820.0
4304002,Campo Novo,2008,-27.669228571428572,-53.833621428571426,105.55541128362421,10.0,0.0,933.0999999999998,1950.0
4304002,Campo Novo,2009,-27.669228571428572,-53.833621428571426,130.7458901352695,8.0,0.0,810.0000000000001,2100.0
4304002,Campo Novo,2010,-27.669228571428572,-53.833621428571426,0.0,8.0,0.0,1099.6999999999998,2700.0
4304002,Campo Novo,2011,-27.669228571428572,-53.833621428571426,0.0,6.0,0.0,1070.8999999999994,3000.0
4304002,Campo Novo,2012,-27.669228571428572,-53.833621428571426,240.2841641087753,10.0,7.0,592.3,1200.0
4304002,Campo Novo,2013,-27.669228571428572,-53.833621428571426,0.0,7.0,0.0,1004.9000000000002,2820.0
4304002,Campo Novo,2014,-27.669228571428572,-53.833621428571426,89.78988395373597,8.0,5.0,824.4000000000002,2800.0
4304002,Campo Novo,2015,-27.669228571428572,-53.833621428571426,0.0,4.0,0.0,1057.2,3300.0
4304002,Campo Novo,2016,-27.669228571428572,-53.833621428571426,0.0,16.0,0.0,1500.2,3300.0
4304002,Campo Novo,2017,-27.669228571428572,-53.833621428571426,2.0094146717357786,4.0,0.0,1054.7999999999997,3600.0
4304002,Campo Novo,2018,-27.669228571428572,-53.833621428571426,20.341186496351963,9.0,0.0,997.9000000000003,3600.0
4304002,Campo Novo,2019,-27.669228571428572,-53.833621428571426,0.0,7.0,0.0,992.9000000000001,3500.0
4304002,Campo Novo,2020,-27.669228571428572,-53.833621428571426,79.86742409519658,7.0,3.0,781.5000000000006,2600.0
4304002,Campo Novo,2021,-27.669228571428572,-53.833621428571426,74.62367840851395,7.0,0.0,631.1000000000001,3500.0
4304002,Campo Novo,2022,-27.669228571428572,-53.833621428571426,242.44427654411183,8.0,13.0,807.9000000000004,1032.0
4304002,Campo Novo,2023,-27.669228571428572,-53.833621428571426,192.65484076782386,7.0,0.0,637.4000000000002,2611.0
4304002,Campo Novo,2024,-27.669228571428572,-53.833621428571426,0.0,9.0,0.0,1731.8999999999994,3439.0
4306007,Crissiumal,1980,-27.496912499999997,-54.143893750000004,0.0,9.0,0.0,1250.9999999999995,1300.0
4306007,Crissiumal,1981,-27.496912499999997,-54.143893750000004,9.710140293120983,4.0,0.0,838.8000000000001,1220.0
4306007,Crissiumal,1982,-27.496912499999997,-54.143893750000004,67.5804449810807,8.0,0.0,781.9999999999999,1100.0
4306007,Crissiumal,1983,-27.496912499999997,-54.143893750000004,0.0,7.0,0.0,1207.7000000000003,1238.0
4306007,Crissiumal,1984,-27.496912499999997,-54.143893750000004,150.30740523125957,8.0,1.0,671.6000000000003,1700.0
4306007,Crissiumal,1985,-27.496912499999997,-54.143893750000004,169.38438603594165,7.0,2.0,824.0000000000007,1493.0
4306007,Crissiumal,1986,-27.496912499999997,-54.143893750000004,116.12499616570734,6.0,4.0,649.2999999999998,1230.0
4306007,Crissiumal,1987,-27.496912499999997,-54.143893750000004,0.0,10.0,0.0,958.4999999999998,1250.0
4306007,Crissiumal,1988,-27.496912499999997,-54.143893750000004,27.160456713419666,6.0,0.0,885.7000000000003,1020.0
4306007,Crissiumal,1989,-27.496912499999997,-54.143893750000004,0.0,4.0,0.0,843.3000000000003,1320.0
4306007,Crissiumal,1990,-27.496912499999997,-54.143893750000004,0.0,6.0,0.0,958.4000000000001,1080.0
4306007,Crissiumal,1991,-27.496912499999997,-54.143893750000004,298.89556260945113,12.0,3.0,723.0,394.0
4306007,Crissiumal,1992,-27.496912499999997,-54.143893750000004,0.0,15.0,0.0,1036.6000000000001,1620.0
4306007,Crissiumal,1993,-27.496912499999997,-54.143893750000004,151.794277957383,7.0,0.0,719.2000000000002,1100.0
4306007,Crissiumal,1994,-27.496912499999997,-54.143893750000004,0.0,9.0,0.0,1142.8999999999996,1125.0
4306007,Crissiumal,1995,-27.496912499999997,-54.143893750000004,0.0,5.0,0.0,1280.3999999999996,1260.0
4306007,Crissiumal,1996,-27.496912499999997,-54.143893750000004,0.0,9.0,1.0,1019.0000000000005,1120.0
4306007,Crissiumal,1997,-27.496912499999997,-54.143893750000004,29.707785870691268,5.0,0.0,1039.3,1200.0
4306007,Crissiumal,1998,-27.496912499999997,-54.143893750000004,0.0,6.0,0.0,1904.700000000001,1320.0
4306007,Crissiumal,1999,-27.496912499999997,-54.143893750000004,106.98499290626519,6.0,0.0,831.1999999999995,808.0
4306007,Crissiumal,2000,-27.496912499999997,-54.143893750000004,104.84231541139991,7.0,0.0,875.8000000000004,1800.0
4306007,Crissiumal,2001,-27.496912499999997,-54.143893750000004,0.0,6.0,0.0,1561.2000000000005,1650.0
4306007,Crissiumal,2002,-27.496912499999997,-54.143893750000004,131.33725911385469,9.0,0.0,820.1,1235.0
4306007,Crissiumal,2003,-27.496912499999997,-54.143893750000004,0.0,5.0,0.0,1307.0999999999995,2100.0
4306007,Crissiumal,2004,-27.496912499999997,-54.143893750000004,186.5563394695194,8.0,0.0,913.5999999999999,1008.0
4306007,Crissiumal,2005,-27.496912499999997,-54.143893750000004,256.9351500096181,18.0,4.0,657.1000000000003,300.0
4306007,Crissiumal,2006,-27.496912499999997,-54.143893750000004,207.64410706298005,8.0,8.0,982.3000000000002,1000.0
4306007,Crissiumal,2007,-27.496912499999997,-54.143893750000004,0.0,6.0,0.0,991.6999999999999,2220.0
4306007,Crissiumal,2008,-27.496912499999997,-54.143893750000004,134.6714012341875,10.0,0.0,846.7999999999998,840.0
4306007,Crissiumal,2009,-27.496912499999997,-54.143893750000004,182.69034474584964,8.0,0.0,764.8000000000003,1560.0
4306007,Crissiumal,2010,-27.496912499999997,-54.143893750000004,0.0,10.0,2.0,1109.4000000000005,1800.0
4306007,Crissiumal,2011,-27.496912499999997,-54.143893750000004,0.0,6.0,0.0,1080.6000000000001,2500.0
4306007,Crissiumal,2012,-27.496912499999997,-54.143893750000004,288.9600598293375,12.0,12.0,561.9000000000002,720.0
4306007,Crissiumal,2013,-27.496912499999997,-54.143893750000004,56.676857320839694,7.0,0.0,946.2000000000004,2220.0
4306007,Crissiumal,2014,-27.496912499999997,-54.143893750000004,171.27270286779518,8.0,15.0,764.4999999999999,1980.0
4306007,Crissiumal,2015,-27.496912499999997,-54.143893750000004,0.0,4.0,0.0,953.9000000000001,2700.0
4306007,Crissiumal,2016,-27.496912499999997,-54.143893750000004,0.0,11.0,0.0,1533.3999999999996,2700.0
4306007,Crissiumal,2017,-27.496912499999997,-54.143893750000004,1.7452839914964695,5.0,0.0,1025.4,3000.0
4306007,Crissiumal,2018,-27.496912499999997,-54.143893750000004,4.402542974206811,8.0,0.0,1030.1999999999998,2580.0
4306007,Crissiumal,2019,-27.496912499999997,-54.143893750000004,29.469089913213203,7.0,3.0,1009.9,2850.0
4306007,Crissiumal,2020,-27.496912499999997,-54.143893750000004,120.44912309791212,6.0,8.0,744.9000000000003,2100.0
4306007,Crissiumal,2021,-27.496912499999997,-54.143893750000004,67.8805835681202,7.0,0.0,662.1000000000001,3000.0
4306007,Crissiumal,2022,-27.496912499999997,-54.143893750000004,302.71384740913845,14.0,31.0,887.8000000000003,900.0
4306007,Crissiumal,2023,-27.496912499999997,-54.143893750000004,271.87235397377924,8.0,0.0,617.8000000000001,1800.0
4306007,Crissiumal,2024,-27.496912499999997,-54.143893750000004,52.1587621945993,10.0,3.0,1709.0999999999992,2700.0
4306320,Derrubadas,1993,-27.240405263157893,-53.91804736842105,162.14426927834367,7.0,0.0,730.6000000000003,2190.0
4306320,Derrubadas,1994,-27.240405263157893,-53.91804736842105,0.0,6.0,0.0,1119.6000000000004,2190.0
4306320,Derrubadas,1995,-27.240405263157893,-53.91804736842105,0.0,7.0,0.0,1361.2,2100.0
4306320,Derrubadas,1996,-27.240405263157893,-53.91804736842105,0.0,9.0,0.0,1054.1000000000004,1620.0
4306320,Derrubadas,1997,-27.240405263157893,-53.91804736842105,0.0,5.0,0.0,1192.5,2000.0
4306320,Derrubadas,1998,-27.240405263157893,-53.91804736842105,0.0,5.0,0.0,1862.1999999999994,2040.0
4306320,Derrubadas,1999,-27.240405263157893,-53.91804736842105,77.24317037655749,6.0,0.0,895.3999999999999,1400.0
4306320,Derrubadas,2000,-27.240405263157893,-53.91804736842105,86.05556167300749,6.0,0.0,852.8000000000002,1890.0
4306320,Derrubadas,2001,-27.240405263157893,-53.91804736842105,0.0,6.0,0.0,1536.8999999999999,2417.0
4306320,Derrubadas,2002,-27.240405263157893,-53.91804736842105,131.89501303079115,9.0,0.0,809.8,1572.0
4306320,Derrubadas,2003,-27.240405263157893,-53.91804736842105,0.0,5.0,0.0,1197.8999999999999,2500.0
4306320,Derrubadas,2004,-27.240405263157893,-53.91804736842105,135.04751161360875,7.0,0.0,888.4000000000003,1680.0
4306320,Derrubadas,2005,-27.240405263157893,-53.91804736842105,257.11957164449774,17.0,2.0,648.7000000000003,660.0
4306320,Derrubadas,2006,-27.240405263157893,-53.91804736842105,194.09101827334655,7.0,3.0,958.1000000000008,1200.0
4306320,Derrubadas,2007,-27.240405263157893,-53.91804736842105,0.0,6.0,0.0,1075.8,2850.0
4306320,Derrubadas,2008,-27.240405263157893,-53.91804736842105,143.00215582856893,6.0,0.0,862.6000000000001,1680.0
4306320,Derrubadas,2009,-27.240405263157893,-53.91804736842105,138.42894307048024,7.0,0.0,843.3000000000003,1680.0
4306320,Derrubadas,2010,-27.240405263157893,-53.91804736842105,0.0,10.0,0.0,1121.6999999999996,2400.0
4306320,Derrubadas,2011,-27.240405263157893,-53.91804736842105,0.0,4.0,0.0,1252.2999999999997,2700.0
4306320,Derrubadas,2012,-27.240405263157893,-53.91804736842105,239.19316384410632,9.0,8.0,575.7,1200.0
4306320,Derrubadas,2013,-27.240405263157893,-53.91804736842105,19.590626072770753,9.0,0.0,921.0,2700.0
4306320,Derrubadas,2014,-27.240405263157893,-53.91804736842105,162.7208749878425,8.0,10.0,760.2999999999998,3000.0
4306320,Derrubadas,2015,-27.240405263157893,-53.91804736842105,0.0,4.0,0.0,1032.4000000000003,3000.0
4306320,Derrubadas,2016,-27.240405263157893,-53.91804736842105,0.0,15.0,0.0,1547.700000000001,2600.0
4306320,Derrubadas,2017,-27.240405263157893,-53.91804736842105,0.0,4.0,0.0,1115.299999999999,3000.0
4306320,Derrubadas,2018,-27.240405263157893,-53.91804736842105,0.0,7.0,0.0,1122.8999999999999,3000.0
4306320,Derrubadas,2019,-27.240405263157893,-53.91804736842105,17.84969673208183,6.0,2.0,1062.2,2868.0
4306320,Derrubadas,2020,-27.240405263157893,-53.91804736842105,90.8347482102715,6.0,3.0,769.7000000000003,2750.0
4306320,Derrubadas,2021,-27.240405263157893,-53.91804736842105,7.7900007587443625,7.0,0.0,744.1999999999999,3100.0
4306320,Derrubadas,2022,-27.240405263157893,-53.91804736842105,240.0510645369467,9.0,21.0,796.1999999999999,1080.0
4306320,Derrubadas,2023,-27.240405263157893,-53.91804736842105,159.41497954625117,6.0,2.0,727.6000000000001,2400.0
4306320,Derrubadas,2024,-27.240405263157893,-53.91804736842105,27.069858745448293,8.0,3.0,1665.500000000001,3300.0
4306734,Doutor Maurício Cardoso,1989,-27.489475,-54.37645624999999,55.34530918345024,8.0,2.0,887.65,2100.0
4306734,Doutor Maurício Cardoso,1990,-27.489475,-54.37645624999999,43.18415606294223,7.0,0.0,924.2800000000002,1800.0
4306734,Doutor Maurício Cardoso,1991,-27.489475,-54.37645624999999,296.54983105342865,14.0,4.0,890.9199999999998,1350.0
4306734,Doutor Maurício Cardoso,1992,-27.489475,-54.37645624999999,0.0,12.0,9.0,1128.5600000000004,2700.0
4306734,Doutor Maurício Cardoso,1993,-27.489475,-54.37645624999999,51.16093064916282,8.0,0.0,1138.7100000000005,1770.0
4306734,Doutor Maurício Cardoso,1994,-27.489475,-54.37645624999999,0.0,12.0,0.0,1339.3699999999992,1990.0
4306734,Doutor Maurício Cardoso,1995,-27.489475,-54.37645624999999,0.0,7.0,0.0,1147.8199999999997,2200.0
4306734,Doutor Maurício Cardoso,1996,-27.489475,-54.37645624999999,0.0,5.0,13.0,995.68,1973.0
4306734,Doutor Maurício Cardoso,1997,-27.489475,-54.37645624999999,0.0,6.0,1.0,1067.9299999999994,1770.0
4306734,Doutor Maurício Cardoso,1998,-27.489475,-54.37645624999999,0.0,6.0,0.0,1964.4600000000003,1500.0
4306734,Doutor Maurício Cardoso,1999,-27.489475,-54.37645624999999,237.11106425040649,6.0,4.0,759.5799999999999,1500.0
4306734,Doutor Maurício Cardoso,2000,-27.489475,-54.37645624999999,242.5248761339277,6.0,24.0,912.2399999999996,1500.0
4306734,Doutor Maurício Cardoso,2001,-27.489475,-54.37645624999999,0.0,5.0,0.0,1184.68,1880.0
4306734,Doutor Maurício Cardoso,2002,-27.489475,-54.37645624999999,232.70387783964313,9.0,13.0,828.6199999999999,1680.0
4306734,Doutor Maurício Cardoso,2003,-27.489475,-54.37645624999999,0.0,8.0,0.0,1418.56,2400.0
4306734,Doutor Maurício Cardoso,2004,-27.489475,-54.37645624999999,217.15055709184858,11.0,2.0,992.6499999999996,1800.0
4306734,Doutor Maurício Cardoso,2005,-27.489475,-54.37645624999999,454.24398352087746,22.0,38.0,586.1699999999994,720.0
4306734,Doutor Maurício Cardoso,2006,-27.489475,-54.37645624999999,288.5279181720905,7.0,21.0,742.3999999999994,1800.0
4306734,Doutor Maurício Cardoso,2007,-27.489475,-54.37645624999999,31.30812318868572,7.0,4.0,1088.1699999999998,2820.0
4306734,Doutor Maurício Cardoso,2008,-27.489475,-54.37645624999999,231.44733362258842,10.0,10.0,804.4299999999995,1620.0
4306734,Doutor Maurício Cardoso,2009,-27.489475,-54.37645624999999,220.5569901143504,5.0,14.0,820.4399999999996,1800.0
4306734,Doutor Maurício Cardoso,2010,-27.489475,-54.37645624999999,0.0,7.0,0.0,1262.04,2220.0
4306734,Doutor Maurício Cardoso,2011,-27.489475,-54.37645624999999,88.34503264038479,4.0,0.0,907.1499999999999,2700.0
4306734,Doutor Maurício Cardoso,2012,-27.489475,-54.37645624999999,345.9170988920826,9.0,36.0,551.69,1500.0
4306734,Doutor Maurício Cardoso,2013,-27.489475,-54.37645624999999,292.87032041582665,8.0,11.0,902.4599999999999,2400.0
4306734,Doutor Maurício Cardoso,2014,-27.489475,-54.37645624999999,265.3468920636171,8.0,36.0,788.9,2700.0
4306734,Doutor Maurício Cardoso,2015,-27.489475,-54.37645624999999,0.0,4.0,0.0,912.2099999999997,3000.0
4306734,Doutor Maurício Cardoso,2016,-27.489475,-54.37645624999999,0.0,15.0,0.0,1366.5900000000001,3000.0
4306734,Doutor Maurício Cardoso,2017,-27.489475,-54.37645624999999,0.0,4.0,0.0,1172.5499999999995,3000.0
4306734,Doutor Maurício Cardoso,2018,-27.489475,-54.37645624999999,35.183123026202495,11.0,0.0,1156.9799999999998,3301.0
4306734,Doutor Maurício Cardoso,2019,-27.489475,-54.37645624999999,241.9539991381561,8.0,22.0,782.2599999999999,3003.0
4306734,Doutor Maurício Cardoso,2020,-27.489475,-54.37645624999999,239.85193998807668,8.0,25.0,636.8099999999995,3000.0
4306734,Doutor Maurício Cardoso,2021,-27.489475,-54.37645624999999,252.5754785632041,6.0,23.0,623.56,3000.0
4306734,Doutor Maurício Cardoso,2022,-27.489475,-54.37645624999999,350.56301968880655,9.0,48.0,872.0299999999999,1503.0
4306734,Doutor Maurício Cardoso,2023,-27.489475,-54.37645624999999,403.8237611578244,7.0,35.0,591.4699999999997,2403.0
4306734,Doutor Maurício Cardoso,2024,-27.489475,-54.37645624999999,99.76237553960567,11.0,0.0,1562.819999999999,3301.0
4307450,Esperança do Sul,1997,-27.329399999999996,-54.0172076923077,0.0,4.0,0.0,1079.5400000000002,1200.0
4307450,Esperança do Sul,1998,-27.329399999999996,-54.0172076923077,0.0,6.0,0.0,2056.72,1200.0
4307450,Esperança do Sul,1999,-27.329399999999996,-54.0172076923077,170.99075061741036,5.0,0.0,745.1199999999999,1080.0
4307450,Esperança do Sul,2000,-27.329399999999996,-54.0172076923077,154.33675462180705,5.0,0.0,954.5500000000002,1600.0
4307450,Esperança do Sul,2001,-27.329399999999996,-54.0172076923077,0.0,4.0,0.0,1181.7099999999994,1740.0
4307450,Esperança do Sul,2002,-27.329399999999996,-54.0172076923077,215.5125398274669,9.0,1.0,778.7199999999997,1200.0
4307450,Esperança do Sul,2003,-27.329399999999996,-54.0172076923077,0.0,8.0,0.0,1416.5500000000004,2100.0
4307450,Esperança do Sul,2004,-27.329399999999996,-54.0172076923077,144.75283551022173,11.0,0.0,1013.9499999999997,1140.0
4307450,Esperança do Sul,2005,-27.329399999999996,-54.0172076923077,346.57995672447356,20.0,13.0,643.0899999999997,300.0
4307450,Esperança do Sul,2006,-27.329399999999996,-54.0172076923077,199.9316708401089,8.0,2.0,813.6299999999994,1100.0
4307450,Esperança do Sul,2007,-27.329399999999996,-54.0172076923077,0.0,6.0,1.0,1010.9499999999995,2520.0
4307450,Esperança do Sul,2008,-27.329399999999996,-54.0172076923077,200.7106334984781,10.0,0.0,825.56,1200.0
4307450,Esperança do Sul,2009,-27.329399999999996,-54.0172076923077,200.59862164229637,5.0,0.0,826.5099999999999,1350.0
4307450,Esperança do Sul,2010,-27.329399999999996,-54.0172076923077,0.0,10.0,0.0,1254.4399999999998,2100.0
4307450,Esperança do Sul,2011,-27.329399999999996,-54.0172076923077,23.890241274449004,4.0,0.0,1039.1100000000004,2700.0
4307450,Esperança do Sul,2012,-27.329399999999996,-54.0172076923077,278.8394197178181,12.0,16.0,579.1499999999999,1200.0
4307450,Esperança do Sul,2013,-27.329399999999996,-54.0172076923077,203.84126038680793,8.0,7.0,1015.6200000000002,2400.0
4307450,Esperança do Sul,2014,-27.329399999999996,-54.0172076923077,162.992435093016,8.0,15.0,894.4599999999998,2100.0
4307450,Esperança do Sul,2015,-27.329399999999996,-54.0172076923077,0.0,4.0,0.0,800.3499999999998,2580.0
4307450,Esperança do Sul,2016,-27.329399999999996,-54.0172076923077,0.0,15.0,0.0,1286.8799999999999,2700.0
4307450,Esperança do Sul,2017,-27.329399999999996,-54.0172076923077,1.1579272973891115,5.0,0.0,1043.18,3000.0
4307450,Esperança do Sul,2018,-27.329399999999996,-54.0172076923077,0.0,11.0,0.0,1166.6399999999999,3300.0
4307450,Esperança do Sul,2019,-27.329399999999996,-54.0172076923077,148.0825585539485,8.0,5.0,838.47,3300.0
4307450,Esperança do Sul,2020,-27.329399999999996,-54.0172076923077,260.2138263347276,8.0,16.0,630.9599999999995,2400.0
4307450,Esperança do Sul,2021,-27.329399999999996,-54.0172076923077,211.48660229491844,6.0,4.0,574.5,3000.0
4307450,Esperança do Sul,2022,-27.329399999999996,-54.0172076923077,351.05118747493657,8.0,39.0,772.0299999999999,930.0
4307450,Esperança do Sul,2023,-27.329399999999996,-54.0172076923077,311.2478289681874,5.0,14.0,626.7899999999995,1240.0
4307450,Esperança do Sul,2024,-27.329399999999996,-54.0172076923077,112.5648800865043,12.0,0.0,1490.3999999999987,2640.0
4309605,Horizontina,1980,-27.60157272727273,-54.2997090909091,0.0,9.0,0.0,1250.9999999999995,1223.0
4309605,Horizontina,1981,-27.60157272727273,-54.2997090909091,10.957238639678067,4.0,0.0,838.8000000000001,1822.0
4309605,Horizontina,1982,-27.60157272727273,-54.2997090909091,72.39300310543204,8.0,0.0,781.9999999999999,1132.0
4309605,Horizontina,1983,-27.60157272727273,-54.2997090909091,0.0,7.0,0.0,1207.7000000000003,2400.0
4309605,Horizontina,1984,-27.60157272727273,-54.2997090909091,154.12043293677715,8.0,4.0,671.6000000000003,1700.0
4309605,Horizontina,1985,-27.60157272727273,-54.2997090909091,170.14545428408215,7.0,3.0,824.0000000000007,2280.0
4309605,Horizontina,1986,-27.60157272727273,-54.2997090909091,118.95208481821342,6.0,6.0,649.2999999999998,1500.0
4309605,Horizontina,1987,-27.60157272727273,-54.2997090909091,0.0,10.0,0.0,958.4999999999998,2700.0
4309605,Horizontina,1988,-27.60157272727273,-54.2997090909091,32.61030393292891,6.0,2.0,885.7000000000003,1680.0
4309605,Horizontina,1989,-27.60157272727273,-54.2997090909091,0.0,4.0,0.0,843.3000000000003,2100.0
4309605,Horizontina,1990,-27.60157272727273,-54.2997090909091,0.0,6.0,0.0,958.4000000000001,2080.0
4309605,Horizontina,1991,-27.60157272727273,-54.2997090909091,300.3744555724159,12.0,3.0,723.0,974.0
4309605,Horizontina,1992,-27.60157272727273,-54.2997090909091,0.0,15.0,0.0,1036.6000000000001,2003.0
4309605,Horizontina,1993,-27.60157272727273,-54.2997090909091,152.91839462420833,7.0,0.0,719.2000000000002,2000.0
4309605,Horizontina,1994,-27.60157272727273,-54.2997090909091,0.0,9.0,0.0,1142.8999999999996,2037.0
4309605,Horizontina,1995,-27.60157272727273,-54.2997090909091,0.0,5.0,0.0,1280.3999999999996,2117.0
4309605,Horizontina,1996,-27.60157272727273,-54.2997090909091,0.0,9.0,2.0,1019.0000000000005,1749.0
4309605,Horizontina,1997,-27.60157272727273,-54.2997090909091,33.99990013658923,5.0,0.0,1039.3,1760.0
4309605,Horizontina,1998,-27.60157272727273,-54.2997090909091,0.0,6.0,0.0,1904.700000000001,1513.0
4309605,Horizontina,1999,-27.60157272727273,-54.2997090909091,111.23408228949606,6.0,0.0,831.1999999999995,1513.0
4309605,Horizontina,2000,-27.60157272727273,-54.2997090909091,110.67086931431385,7.0,1.0,875.8000000000004,1575.0
4309605,Horizontina,2001,-27.60157272727273,-54.2997090909091,0.0,6.0,0.0,1561.2000000000005,1887.0
4309605,Horizontina,2002,-27.60157272727273,-54.2997090909091,130.98577102884238,9.0,0.0,820.1,1696.0
4309605,Horizontina,2003,-27.60157272727273,-54.2997090909091,0.0,5.0,0.0,1307.0999999999995,2190.0
4309605,Horizontina,2004,-27.60157272727273,-54.2997090909091,193.0179979575932,8.0,0.0,913.5999999999999,1056.0
4309605,Horizontina,2005,-27.60157272727273,-54.2997090909091,262.6105615363368,18.0,5.0,657.1000000000003,363.0
4309605,Horizontina,2006,-27.60157272727273,-54.2997090909091,208.16444273209484,8.0,9.0,982.3000000000002,1391.0
4309605,Horizontina,2007,-27.60157272727273,-54.2997090909091,0.0,6.0,0.0,991.6999999999999,1800.0
4309605,Horizontina,2008,-27.60157272727273,-54.2997090909091,135.91212861263443,10.0,0.0,846.7999999999998,1320.0
4309605,Horizontina,2009,-27.60157272727273,-54.2997090909091,185.8047979112172,8.0,0.0,764.8000000000003,1620.0
4309605,Horizontina,2010,-27.60157272727273,-54.2997090909091,0.0,10.0,2.0,1109.4000000000005,1920.0
4309605,Horizontina,2011,-27.60157272727273,-54.2997090909091,0.0,6.0,0.0,1080.6000000000001,2640.0
4309605,Horizontina,2012,-27.60157272727273,-54.2997090909091,291.8230274385591,12.0,13.0,561.9000000000002,420.0
4309605,Horizontina,2013,-27.60157272727273,-54.2997090909091,61.663015154425764,7.0,0.0,946.2000000000004,2300.0
4309605,Horizontina,2014,-27.60157272727273,-54.2997090909091,173.20804640186213,8.0,14.0,764.4999999999999,2100.0
4309605,Horizontina,2015,-27.60157272727273,-54.2997090909091,0.0,4.0,0.0,953.9000000000001,2400.0
4309605,Horizontina,2016,-27.60157272727273,-54.2997090909091,0.0,11.0,0.0,1533.3999999999996,3000.0
4309605,Horizontina,2017,-27.60157272727273,-54.2997090909091,26.02593472698983,5.0,0.0,983.6999999999996,3000.0
4309605,Horizontina,2018,-27.60157272727273,-54.2997090909091,44.89212142317633,9.0,0.0,983.6000000000003,3000.0
4309605,Horizontina,2019,-27.60157272727273,-54.2997090909091,62.369153692946696,7.0,3.0,968.1000000000001,3300.0
4309605,Horizontina,2020,-27.60157272727273,-54.2997090909091,143.1581486139823,7.0,7.0,732.7000000000005,2850.0
4309605,Horizontina,2021,-27.60157272727273,-54.2997090909091,73.32381229926236,7.0,0.0,647.1,3000.0
4309605,Horizontina,2022,-27.60157272727273,-54.2997090909091,280.4809345601521,10.0,32.0,901.9,1380.0
4309605,Horizontina,2023,-27.60157272727273,-54.2997090909091,286.7123522769769,6.0,3.0,634.9000000000003,1800.0
4309605,Horizontina,2024,-27.60157272727273,-54.2997090909091,66.00722215554838,13.0,2.0,1684.5999999999992,3300.0
4309704,Humaitá,1980,-27.583116666666673,-53.988416666666666,0.0,6.0,0.0,1222.4999999999998,1200.0
4309704,Humaitá,1981,-27.583116666666673,-53.988416666666666,60.48851461303535,6.0,0.0,749.7000000000006,2100.0
4309704,Humaitá,1982,-27.583116666666673,-53.988416666666666,66.9867966012773,8.0,0.0,759.3000000000001,1260.0
4309704,Humaitá,1983,-27.583116666666673,-53.988416666666666,0.0,7.0,0.0,1196.1,1606.0
4309704,Humaitá,1984,-27.583116666666673,-53.988416666666666,147.1066248184931,8.0,0.0,619.5999999999999,1800.0
4309704,Humaitá,1985,-27.583116666666673,-53.988416666666666,178.02857462471238,7.0,0.0,783.4999999999998,1800.0
4309704,Humaitá,1986,-27.583116666666673,-53.988416666666666,143.41951491494433,6.0,3.0,635.5,1230.0
4309704,Humaitá,1987,-27.583116666666673,-53.988416666666666,4.61523045903906,7.0,0.0,861.9000000000003,2100.0
4309704,Humaitá,1988,-27.583116666666673,-53.988416666666666,27.805859022537984,7.0,0.0,892.1999999999999,1800.0
4309704,Humaitá,1989,-27.583116666666673,-53.988416666666666,0.0,4.0,0.0,828.9000000000001,2100.0
4309704,Humaitá,1990,-27.583116666666673,-53.988416666666666,0.0,4.0,0.0,951.6000000000001,2100.0
4309704,Humaitá,1991,-27.583116666666673,-53.988416666666666,294.12323638236313,12.0,1.0,744.1999999999996,720.0
4309704,Humaitá,1992,-27.583116666666673,-53.988416666666666,0.0,12.0,0.0,1036.8000000000002,2100.0
4309704,Humaitá,1993,-27.583116666666673,-53.988416666666666,151.61145960369672,7.0,0.0,689.5000000000002,1800.0
4309704,Humaitá,1994,-27.583116666666673,-53.988416666666666,0.0,9.0,0.0,1109.0999999999992,1800.0
4309704,Humaitá,1995,-27.583116666666673,-53.988416666666666,0.0,7.0,0.0,1251.4,2040.0
4309704,Humaitá,1996,-27.583116666666673,-53.988416666666666,0.0,9.0,0.0,968.9000000000001,1706.0
4309704,Humaitá,1997,-27.583116666666673,-53.988416666666666,23.047698383978304,5.0,0.0,1049.9999999999998,1680.0
4309704,Humaitá,1998,-27.583116666666673,-53.988416666666666,0.0,5.0,0.0,1921.3999999999994,2220.0
4309704,Humaitá,1999,-27.583116666666673,-53.988416666666666,88.80857994612776,6.0,0.0,847.4999999999999,1448.0
4309704,Humaitá,2000,-27.583116666666673,-53.988416666666666,103.08834412381142,7.0,0.0,827.8999999999999,1632.0
4309704,Humaitá,2001,-27.583116666666673,-53.988416666666666,0.0,6.0,0.0,1398.1999999999998,2400.0
4309704,Humaitá,2002,-27.583116666666673,-53.988416666666666,149.83227971951666,9.0,0.0,794.5999999999999,1680.0
4309704,Humaitá,2003,-27.583116666666673,-53.988416666666666,0.0,5.0,0.0,1246.6999999999996,2520.0
4309704,Humaitá,2004,-27.583116666666673,-53.988416666666666,168.52854836130706,8.0,0.0,890.1000000000004,1200.0
4309704,Humaitá,2005,-27.583116666666673,-53.988416666666666,262.43776155425104,20.0,2.0,653.6000000000001,342.0
4309704,Humaitá,2006,-27.583116666666673,-53.988416666666666,217.47779582814306,7.0,6.0,932.6000000000001,2220.0
4309704,Humaitá,2007,-27.583116666666673,-53.988416666666666,0.0,6.0,0.0,1007.2000000000002,2760.0
4309704,Humaitá,2008,-27.583116666666673,-53.988416666666666,155.2540255163393,10.0,0.0,846.4000000000004,1680.0
4309704,Humaitá,2009,-27.583116666666673,-53.988416666666666,167.25968255031913,8.0,0.0,763.5999999999999,2100.0
4309704,Humaitá,2010,-27.583116666666673,-53.988416666666666,0.0,9.0,0.0,1086.6,2700.0
4309704,Humaitá,2011,-27.583116666666673,-53.988416666666666,0.0,6.0,0.0,1082.3000000000009,3000.0
4309704,Humaitá,2012,-27.583116666666673,-53.988416666666666,277.98004646262393,10.0,12.0,552.9000000000001,1200.0
4309704,Humaitá,2013,-27.583116666666673,-53.988416666666666,24.704192694401502,7.0,0.0,930.9000000000002,2500.0
4309704,Humaitá,2014,-27.583116666666673,-53.988416666666666,150.84315539835293,8.0,11.0,787.9999999999995,2700.0
4309704,Humaitá,2015,-27.583116666666673,-53.988416666666666,0.0,4.0,0.0,1003.0999999999996,3200.0
4309704,Humaitá,2016,-27.583116666666673,-53.988416666666666,0.0,16.0,0.0,1514.2,3000.0
4309704,Humaitá,2017,-27.583116666666673,-53.988416666666666,9.32348668343924,4.0,0.0,973.3000000000001,3400.0
4309704,Humaitá,2018,-27.583116666666673,-53.988416666666666,2.0709219691927254,8.0,0.0,1004.4000000000003,3400.0
4309704,Humaitá,2019,-27.583116666666673,-53.988416666666666,0.0,7.0,0.0,1028.7,3300.0
4309704,Humaitá,2020,-27.583116666666673,-53.988416666666666,91.50758575747216,7.0,4.0,764.4000000000005,3000.0
4309704,Humaitá,2021,-27.583116666666673,-53.988416666666666,52.05141407966507,7.0,0.0,648.3,3300.0
4309704,Humaitá,2022,-27.583116666666673,-53.988416666666666,267.27690608075847,10.0,21.0,859.6000000000001,840.0
4309704,Humaitá,2023,-27.583116666666673,-53.988416666666666,227.2353179496608,6.0,1.0,596.4999999999999,2400.0
4309704,Humaitá,2024,-27.583116666666673,-53.988416666666666,32.95836074156312,13.0,0.0,1733.7,3240.0
4312302,Miraguaí,1980,-27.508625,-53.739237499999994,0.0,0.0,0.0,0.0,1800.0
4312302,Miraguaí,1981,-27.508625,-53.739237499999994,0.0,2.0,0.0,425.9599999999999,1500.0
4312302,Miraguaí,1982,-27.508625,-53.739237499999994,150.1986865541082,18.0,2.0,755.7699999999998,1170.0
4312302,Miraguaí,1983,-27.508625,-53.739237499999994,0.0,5.0,0.0,1389.4100000000003,1589.0
4312302,Miraguaí,1984,-27.508625,-53.739237499999994,33.46612446708558,6.0,0.0,877.6399999999993,1600.0
4312302,Miraguaí,1985,-27.508625,-53.739237499999994,78.76967420571822,5.0,3.0,1059.0699999999997,1700.0
4312302,Miraguaí,1986,-27.508625,-53.739237499999994,204.21561936088344,4.0,11.0,661.0599999999998,1200.0
4312302,Miraguaí,1987,-27.508625,-53.739237499999994,58.189993962052924,10.0,1.0,892.5700000000003,1000.0
4312302,Miraguaí,1988,-27.508625,-53.739237499999994,126.62421054218719,5.0,1.0,768.7499999999998,900.0
4312302,Miraguaí,1989,-27.508625,-53.739237499999994,0.0,9.0,0.0,902.9099999999999,1800.0
4312302,Miraguaí,1990,-27.508625,-53.739237499999994,0.0,5.0,0.0,930.2500000000005,1300.0
4312302,Miraguaí,1991,-27.508625,-53.739237499999994,285.5390013224019,12.0,3.0,818.84,400.0
4312302,Miraguaí,1992,-27.508625,-53.739237499999994,0.0,11.0,3.0,1073.7799999999997,1800.0
4312302,Miraguaí,1993,-27.508625,-53.739237499999994,22.63578471156935,6.0,0.0,1069.8699999999997,1530.0
4312302,Miraguaí,1994,-27.508625,-53.739237499999994,0.0,5.0,0.0,1204.4099999999999,1260.0
4312302,Miraguaí,1995,-27.508625,-53.739237499999994,0.0,5.0,0.0,1202.7900000000002,1440.0
4312302,Miraguaí,1996,-27.508625,-53.739237499999994,0.0,3.0,4.0,1067.2799999999997,900.0
4312302,Miraguaí,1997,-27.508625,-53.739237499999994,0.0,4.0,0.0,1079.5400000000002,900.0
4312302,Miraguaí,1998,-27.508625,-53.739237499999994,0.0,6.0,0.0,2056.72,1500.0
4312302,Miraguaí,1999,-27.508625,-53.739237499999994,171.0593138913912,5.0,0.0,745.1199999999999,1500.0
4312302,Miraguaí,2000,-27.508625,-53.739237499999994,154.41212866939307,5.0,0.0,954.5500000000002,1800.0
4312302,Miraguaí,2001,-27.508625,-53.739237499999994,0.0,4.0,0.0,1181.7099999999994,1890.0
4312302,Miraguaí,2002,-27.508625,-53.739237499999994,215.58216223068075,9.0,1.0,778.7199999999997,840.0
4312302,Miraguaí,2003,-27.508625,-53.739237499999994,0.0,8.0,0.0,1416.5500000000004,2100.0
4312302,Miraguaí,2004,-27.508625,-53.739237499999994,144.81637335902985,11.0,0.0,1013.9499999999997,900.0
4312302,Miraguaí,2005,-27.508625,-53.739237499999994,346.645756162058,20.0,13.0,643.0899999999997,600.0
4312302,Miraguaí,2006,-27.508625,-53.739237499999994,200.00313433561396,8.0,2.0,813.6299999999994,1200.0
4312302,Miraguaí,2007,-27.508625,-53.739237499999994,0.0,6.0,1.0,1010.9499999999995,2700.0
4312302,Miraguaí,2008,-27.508625,-53.739237499999994,200.77900748095772,10.0,0.0,825.56,1260.0
4312302,Miraguaí,2009,-27.508625,-53.739237499999994,200.67247952088147,5.0,0.0,826.5099999999999,1800.0
4312302,Miraguaí,2010,-27.508625,-53.739237499999994,0.0,10.0,0.0,1254.4399999999998,1931.0
4312302,Miraguaí,2011,-27.508625,-53.739237499999994,23.96279495897808,4.0,0.0,1039.1100000000004,2880.0
4312302,Miraguaí,2012,-27.508625,-53.739237499999994,278.92050958677316,12.0,16.0,579.1499999999999,786.0
4312302,Miraguaí,2013,-27.508625,-53.739237499999994,203.91052685248798,8.0,7.0,1015.6200000000002,2500.0
4312302,Miraguaí,2014,-27.508625,-53.739237499999994,163.06453413161515,8.0,15.0,894.4599999999998,2700.0
4312302,Miraguaí,2015,-27.508625,-53.739237499999994,0.0,4.0,0.0,800.3499999999998,2700.0
4312302,Miraguaí,2016,-27.508625,-53.739237499999994,0.0,15.0,0.0,1286.8799999999999,2700.0
4312302,Miraguaí,2017,-27.508625,-53.739237499999994,1.220643932802866,5.0,0.0,1043.18,2700.0
4312302,Miraguaí,2018,-27.508625,-53.739237499999994,0.0,11.0,0.0,1166.6399999999999,3200.0
4312302,Miraguaí,2019,-27.508625,-53.739237499999994,148.15089929888006,8.0,5.0,838.47,2888.0
4312302,Miraguaí,2020,-27.508625,-53.739237499999994,260.3031305467447,8.0,16.0,630.9599999999995,2400.0
4312302,Miraguaí,2021,-27.508625,-53.739237499999994,211.55934459010317,6.0,4.0,574.5,3600.0
4312302,Miraguaí,2022,-27.508625,-53.739237499999994,351.144622333102,8.0,39.0,772.0299999999999,1200.0
4312302,Miraguaí,2023,-27.508625,-53.739237499999994,311.3291024394571,5.0,14.0,626.7899999999995,2400.0
4312302,Miraguaí,2024,-27.508625,-53.739237499999994,112.63246718389912,12.0,0.0,1490.3999999999987,2400.0
4313011,Nova Candelária,1997,-27.59861,-54.12866,29.179095874310775,5.0,0.0,1039.3,1140.0
4313011,Nova Candelária,1998,-27.59861,-54.12866,0.0,6.0,0.0,1904.700000000001,1260.0
4313011,Nova Candelária,1999,-27.59861,-54.12866,102.48414552720313,6.0,0.0,831.1999999999995,600.0
4313011,Nova Candelária,2000,-27.59861,-54.12866,101.57617146873396,7.0,0.0,875.8000000000004,1343.0
4313011,Nova Candelária,2001,-27.59861,-54.12866,0.0,6.0,0.0,1561.2000000000005,1560.0
4313011,Nova Candelária,2002,-27.59861,-54.12866,125.74827167080352,9.0,0.0,820.1,1248.0
4313011,Nova Candelária,2003,-27.59861,-54.12866,0.0,5.0,0.0,1307.0999999999995,2280.0
4313011,Nova Candelária,2004,-27.59861,-54.12866,182.8306250598809,8.0,0.0,913.5999999999999,672.0
4313011,Nova Candelária,2005,-27.59861,-54.12866,253.335383123523,18.0,3.0,657.1000000000003,320.0
4313011,Nova Candelária,2006,-27.59861,-54.12866,201.93977939130457,8.0,7.0,982.3000000000002,1350.0
4313011,Nova Candelária,2007,-27.59861,-54.12866,0.0,6.0,0.0,991.6999999999999,2400.0
4313011,Nova Candelária,2008,-27.59861,-54.12866,131.09248401415724,10.0,0.0,846.7999999999998,960.0
4313011,Nova Candelária,2009,-27.59861,-54.12866,177.5526173843893,8.0,0.0,764.8000000000003,1800.0
4313011,Nova Candelária,2010,-27.59861,-54.12866,0.0,10.0,1.0,1109.4000000000005,2280.0
4313011,Nova Candelária,2011,-27.59861,-54.12866,0.0,6.0,0.0,1080.6000000000001,2880.0
4313011,Nova Candelária,2012,-27.59861,-54.12866,285.7048276184458,12.0,12.0,561.9000000000002,480.0
4313011,Nova Candelária,2013,-27.59861,-54.12866,51.45548303137256,7.0,0.0,946.2000000000004,2400.0
4313011,Nova Candelária,2014,-27.59861,-54.12866,164.7238891966192,8.0,12.0,764.4999999999999,1920.0
4313011,Nova Candelária,2015,-27.59861,-54.12866,0.0,4.0,0.0,953.9000000000001,2700.0
4313011,Nova Candelária,2016,-27.59861,-54.12866,0.0,11.0,0.0,1533.3999999999996,3120.0
4313011,Nova Candelária,2017,-27.59861,-54.12866,0.9442879468217313,5.0,0.0,1017.4000000000003,3480.0
4313011,Nova Candelária,2018,-27.59861,-54.12866,0.0,10.0,0.0,1031.8,3180.0
4313011,Nova Candelária,2019,-27.59861,-54.12866,0.0,7.0,3.0,1022.9000000000003,2880.0
4313011,Nova Candelária,2020,-27.59861,-54.12866,120.9611387333744,7.0,9.0,744.9000000000004,2640.0
4313011,Nova Candelária,2021,-27.59861,-54.12866,66.07131871404034,7.0,0.0,648.5000000000003,2940.0
4313011,Nova Candelária,2022,-27.59861,-54.12866,267.9864140926303,14.0,31.0,869.5000000000002,1080.0
4313011,Nova Candelária,2023,-27.59861,-54.12866,262.0731330883612,6.0,1.0,613.8,1680.0
4313011,Nova Candelária,2024,-27.59861,-54.12866,63.9139856889142,9.0,3.0,1710.599999999999,3300.0
4315404,Redentora,1980,-27.58313529411765,-53.64262941176471,0.0,8.0,0.0,1272.499999999999,1800.0
4315404,Redentora,1981,-27.58313529411765,-53.64262941176471,31.736794435723816,5.0,0.0,820.5000000000006,1800.0
4315404,Redentora,1982,-27.58313529411765,-53.64262941176471,0.0,8.0,0.0,878.7000000000003,1200.0
4315404,Redentora,1983,-27.58313529411765,-53.64262941176471,0.0,6.0,0.0,1347.9000000000005,1910.0
4315404,Redentora,1984,-27.58313529411765,-53.64262941176471,78.64904458281116,8.0,0.0,713.4,1600.0
4315404,Redentora,1985,-27.58313529411765,-53.64262941176471,125.13764633444754,7.0,0.0,854.7,1650.0
4315404,Redentora,1986,-27.58313529411765,-53.64262941176471,73.92376945622354,6.0,0.0,683.4000000000002,1000.0
4315404,Redentora,1987,-27.58313529411765,-53.64262941176471,0.0,7.0,0.0,943.4999999999999,1500.0
4315404,Redentora,1988,-27.58313529411765,-53.64262941176471,5.176758653100243,5.0,0.0,963.4999999999998,1100.0
4315404,Redentora,1989,-27.58313529411765,-53.64262941176471,0.0,4.0,0.0,900.9999999999998,1800.0
4315404,Redentora,1990,-27.58313529411765,-53.64262941176471,0.0,4.0,0.0,1028.1999999999996,2100.0
4315404,Redentora,1991,-27.58313529411765,-53.64262941176471,267.492851162158,12.0,1.0,790.3999999999999,360.0
4315404,Redentora,1992,-27.58313529411765,-53.64262941176471,0.0,10.0,0.0,1177.2999999999995,2100.0
4315404,Redentora,1993,-27.58313529411765,-53.64262941176471,86.23758314239787,7.0,0.0,834.6,1800.0
4315404,Redentora,1994,-27.58313529411765,-53.64262941176471,0.0,9.0,0.0,1203.5000000000002,1800.0
4315404,Redentora,1995,-27.58313529411765,-53.64262941176471,0.0,4.0,0.0,1368.2999999999995,1800.0
4315404,Redentora,1996,-27.58313529411765,-53.64262941176471,0.0,9.0,0.0,1048.7000000000003,1450.0
4315404,Redentora,1997,-27.58313529411765,-53.64262941176471,0.0,5.0,0.0,1155.8000000000004,1800.0
4315404,Redentora,1998,-27.58313529411765,-53.64262941176471,0.0,6.0,0.0,2069.5,1800.0
4315404,Redentora,1999,-27.58313529411765,-53.64262941176471,39.88851139871449,6.0,0.0,944.8999999999997,900.0
4315404,Redentora,2000,-27.58313529411765,-53.64262941176471,49.91372485506703,7.0,0.0,900.0000000000003,1800.0
4315404,Redentora,2001,-27.58313529411765,-53.64262941176471,0.0,6.0,0.0,1460.9999999999993,2200.0
4315404,Redentora,2002,-27.58313529411765,-53.64262941176471,115.46730745613414,9.0,0.0,904.1999999999999,696.0
4315404,Redentora,2003,-27.58313529411765,-53.64262941176471,0.0,5.0,0.0,1351.5000000000002,1600.0
4315404,Redentora,2004,-27.58313529411765,-53.64262941176471,124.11197710329043,8.0,0.0,1001.8000000000003,540.0
4315404,Redentora,2005,-27.58313529411765,-53.64262941176471,223.83635059764322,19.0,1.0,738.1000000000003,200.0
4315404,Redentora,2006,-27.58313529411765,-53.64262941176471,167.8078310003803,6.0,0.0,1003.9000000000003,1200.0
4315404,Redentora,2007,-27.58313529411765,-53.64262941176471,0.0,6.0,0.0,1070.8999999999996,3000.0
4315404,Redentora,2008,-27.58313529411765,-53.64262941176471,114.79892979930298,10.0,0.0,941.0000000000005,900.0
4315404,Redentora,2009,-27.58313529411765,-53.64262941176471,120.51055899187796,6.0,0.0,839.0000000000002,1350.0
4315404,Redentora,2010,-27.58313529411765,-53.64262941176471,0.0,9.0,0.0,1114.3,1620.0
4315404,Redentora,2011,-27.58313529411765,-53.64262941176471,0.0,4.0,0.0,1165.9999999999998,2400.0
4315404,Redentora,2012,-27.58313529411765,-53.64262941176471,212.32168349759755,10.0,5.0,599.3000000000001,405.0
4315404,Redentora,2013,-27.58313529411765,-53.64262941176471,0.0,7.0,0.0,1056.8000000000002,2700.0
4315404,Redentora,2014,-27.58313529411765,-53.64262941176471,97.56926863433061,8.0,1.0,850.6999999999998,2800.0
4315404,Redentora,2015,-27.58313529411765,-53.64262941176471,0.0,4.0,0.0,1120.1000000000001,3000.0
4315404,Redentora,2016,-27.58313529411765,-53.64262941176471,0.0,12.0,0.0,1600.4999999999993,3300.0
4315404,Redentora,2017,-27.58313529411765,-53.64262941176471,0.0,4.0,0.0,1150.3999999999996,3600.0
4315404,Redentora,2018,-27.58313529411765,-53.64262941176471,33.66217828361189,9.0,0.0,1030.0000000000005,3000.0
4315404,Redentora,2019,-27.58313529411765,-53.64262941176471,33.382570036357535,7.0,0.0,1011.9,3000.0
4315404,Redentora,2020,-27.58313529411765,-53.64262941176471,88.29015022903532,9.0,2.0,724.8000000000003,3000.0
4315404,Redentora,2021,-27.58313529411765,-53.64262941176471,77.10240585829162,7.0,0.0,627.7999999999998,3000.0
4315404,Redentora,2022,-27.58313529411765,-53.64262941176471,255.98494545417915,8.0,14.0,759.8000000000008,1000.0
4315404,Redentora,2023,-27.58313529411765,-53.64262941176471,197.7327749370156,6.0,0.0,606.9000000000002,2100.0
4315404,Redentora,2024,-27.58313529411765,-53.64262941176471,19.382520019750423,7.0,0.0,1662.3000000000006,2315.0
4319109,São Martinho,1980,-27.73218125,-53.95648125,0.0,8.0,0.0,1217.5,1800.0
4319109,São Martinho,1981,-27.73218125,-53.95648125,39.665383744808366,9.0,0.0,749.7,1550.0
4319109,São Martinho,1982,-27.73218125,-53.95648125,89.51838798923657,10.0,0.0,707.4000000000001,1320.0
4319109,São Martinho,1983,-27.73218125,-53.95648125,0.0,7.0,0.0,1250.5000000000002,1803.0
4319109,São Martinho,1984,-27.73218125,-53.95648125,126.16163245695827,9.0,0.0,659.3,1600.0
4319109,São Martinho,1985,-27.73218125,-53.95648125,163.6797870170273,7.0,0.0,829.0999999999996,1800.0
4319109,São Martinho,1986,-27.73218125,-53.95648125,102.70714292097958,6.0,3.0,714.2,1200.0
4319109,São Martinho,1987,-27.73218125,-53.95648125,0.0,7.0,0.0,964.7999999999998,1680.0
4319109,São Martinho,1988,-27.73218125,-53.95648125,34.76249358824685,7.0,0.0,854.7000000000002,1320.0
4319109,São Martinho,1989,-27.73218125,-53.95648125,0.0,5.0,0.0,860.1000000000003,1800.0
4319109,São Martinho,1990,-27.73218125,-53.95648125,0.0,5.0,0.0,954.2000000000005,2044.0
4319109,São Martinho,1991,-27.73218125,-53.95648125,283.7485565440759,12.0,1.0,799.7000000000003,720.0
4319109,São Martinho,1992,-27.73218125,-53.95648125,0.0,13.0,0.0,1008.9000000000002,2100.0
4319109,São Martinho,1993,-27.73218125,-53.95648125,114.39599857385357,7.0,0.0,749.8999999999996,2000.0
4319109,São Martinho,1994,-27.73218125,-53.95648125,0.0,9.0,0.0,1144.7999999999995,1800.0
4319109,São Martinho,1995,-27.73218125,-53.95648125,0.0,4.0,0.0,1338.7999999999997,1800.0
4319109,São Martinho,1996,-27.73218125,-53.95648125,0.0,9.0,0.0,917.9000000000008,1350.0
4319109,São Martinho,1997,-27.73218125,-53.95648125,25.603742614390626,5.0,0.0,1033.8000000000002,1680.0
4319109,São Martinho,1998,-27.73218125,-53.95648125,0.0,6.0,0.0,1984.0000000000005,2220.0
4319109,São Martinho,1999,-27.73218125,-53.95648125,58.638201195643326,6.0,0.0,859.7000000000002,1680.0
4319109,São Martinho,2000,-27.73218125,-53.95648125,57.51017915844658,8.0,0.0,902.5000000000001,1634.0
4319109,São Martinho,2001,-27.73218125,-53.95648125,0.0,6.0,0.0,1445.6999999999996,2400.0
4319109,São Martinho,2002,-27.73218125,-53.95648125,116.89037319228474,9.0,0.0,844.1000000000004,1650.0
4319109,São Martinho,2003,-27.73218125,-53.95648125,0.0,5.0,0.0,1338.6000000000001,2700.0
4319109,São Martinho,2004,-27.73218125,-53.95648125,155.5052917020985,8.0,0.0,945.3999999999999,1440.0
4319109,São Martinho,2005,-27.73218125,-53.95648125,222.9477195152733,20.0,2.0,689.1,540.0
4319109,São Martinho,2006,-27.73218125,-53.95648125,176.68358661669401,7.0,5.0,910.7000000000004,2000.0
4319109,São Martinho,2007,-27.73218125,-53.95648125,0.0,6.0,0.0,1027.9000000000003,2700.0
4319109,São Martinho,2008,-27.73218125,-53.95648125,123.03054529537222,10.0,0.0,864.8000000000008,2100.0
4319109,São Martinho,2009,-27.73218125,-53.95648125,141.98726200399295,8.0,0.0,787.2000000000002,2100.0
4319109,São Martinho,2010,-27.73218125,-53.95648125,0.0,9.0,0.0,1126.3999999999999,2400.0
4319109,São Martinho,2011,-27.73218125,-53.95648125,0.0,4.0,0.0,1001.2,3120.0
4319109,São Martinho,2012,-27.73218125,-53.95648125,279.8832383003432,10.0,9.0,567.1999999999999,840.0
4319109,São Martinho,2013,-27.73218125,-53.95648125,0.0,7.0,0.0,958.9000000000004,3000.0
4319109,São Martinho,2014,-27.73218125,-53.95648125,127.58463257955094,8.0,7.0,787.9000000000001,2700.0
4319109,São Martinho,2015,-27.73218125,-53.95648125,0.0,5.0,0.0,969.1999999999999,3000.0
4319109,São Martinho,2016,-27.73218125,-53.95648125,0.0,16.0,0.0,1458.0999999999995,3300.0
4319109,São Martinho,2017,-27.73218125,-53.95648125,1.8991075453598114,4.0,0.0,998.0000000000005,3420.0
4319109,São Martinho,2018,-27.73218125,-53.95648125,17.094645938565428,11.0,0.0,978.0999999999997,3360.0
4319109,São Martinho,2019,-27.73218125,-53.95648125,0.0,7.0,2.0,980.1,3380.0
4319109,São Martinho,2020,-27.73218125,-53.95648125,124.24603925038868,8.0,4.0,690.1,3380.0
4319109,São Martinho,2021,-27.73218125,-53.95648125,67.59280656119819,7.0,0.0,616.0,3380.0
4319109,São Martinho,2022,-27.73218125,-53.95648125,211.24604939428195,9.0,24.0,910.8999999999999,900.0
4319109,São Martinho,2023,-27.73218125,-53.95648125,231.8826228446625,6.0,1.0,605.8000000000001,2040.0
4319109,São Martinho,2024,-27.73218125,-53.95648125,47.129392199192424,10.0,1.0,1744.4,3300.0
4320230,Sede Nova,1989,-27.658077777777777,-53.973833333333324,0.0,5.0,0.0,860.1000000000003,2100.0
4320230,Sede Nova,1990,-27.658077777777777,-53.973833333333324,0.0,5.0,0.0,954.2000000000005,2100.0
4320230,Sede Nova,1991,-27.658077777777777,-53.973833333333324,286.7989355870951,12.0,1.0,799.7000000000003,720.0
4320230,Sede Nova,1992,-27.658077777777777,-53.973833333333324,0.0,13.0,0.0,1008.9000000000002,2100.0
4320230,Sede Nova,1993,-27.658077777777777,-53.973833333333324,117.22637187454154,7.0,0.0,749.8999999999996,2100.0
4320230,Sede Nova,1994,-27.658077777777777,-53.973833333333324,0.0,9.0,0.0,1144.7999999999995,1800.0
4320230,Sede Nova,1995,-27.658077777777777,-53.973833333333324,0.0,4.0,0.0,1338.7999999999997,1920.0
4320230,Sede Nova,1996,-27.658077777777777,-53.973833333333324,0.0,9.0,0.0,917.9000000000008,1575.0
4320230,Sede Nova,1997,-27.658077777777777,-53.973833333333324,28.25982767546902,5.0,0.0,1033.8000000000002,1500.0
4320230,Sede Nova,1998,-27.658077777777777,-53.973833333333324,0.0,6.0,0.0,1984.0000000000005,2400.0
4320230,Sede Nova,1999,-27.658077777777777,-53.973833333333324,61.505056614266124,6.0,0.0,859.7000000000002,1260.0
4320230,Sede Nova,2000,-27.658077777777777,-53.973833333333324,60.32890201803444,8.0,0.0,902.5000000000001,1830.0
4320230,Sede Nova,2001,-27.658077777777777,-53.973833333333324,0.0,6.0,0.0,1445.6999999999996,2400.0
4320230,Sede Nova,2002,-27.658077777777777,-53.973833333333324,119.70710665337162,9.0,0.0,844.1000000000004,1800.0
4320230,Sede Nova,2003,-27.658077777777777,-53.973833333333324,0.0,5.0,0.0,1338.6000000000001,2400.0
4320230,Sede Nova,2004,-27.658077777777777,-53.973833333333324,158.30415889853836,8.0,0.0,945.3999999999999,1140.0
4320230,Sede Nova,2005,-27.658077777777777,-53.973833333333324,225.88226486290162,20.0,2.0,689.1,420.0
4320230,Sede Nova,2006,-27.658077777777777,-53.973833333333324,179.5841875784364,7.0,6.0,910.7000000000004,2400.0
4320230,Sede Nova,2007,-27.658077777777777,-53.973833333333324,0.0,6.0,0.0,1027.9000000000003,3000.0
4320230,Sede Nova,2008,-27.658077777777777,-53.973833333333324,125.84708940898548,10.0,0.0,864.8000000000008,2160.0
4320230,Sede Nova,2009,-27.658077777777777,-53.973833333333324,144.81763674989816,8.0,0.0,787.2000000000002,1920.0
4320230,Sede Nova,2010,-27.658077777777777,-53.973833333333324,0.0,9.0,0.0,1126.3999999999999,2700.0
4320230,Sede Nova,2011,-27.658077777777777,-53.973833333333324,0.0,4.0,0.0,1001.2,3300.0
4320230,Sede Nova,2012,-27.658077777777777,-53.973833333333324,282.8783312629942,10.0,12.0,567.1999999999999,1600.0
4320230,Sede Nova,2013,-27.658077777777777,-53.973833333333324,2.606990516441586,7.0,0.0,958.9000000000004,3000.0
4320230,Sede Nova,2014,-27.658077777777777,-53.973833333333324,130.39558662785805,8.0,11.0,787.9000000000001,2820.0
4320230,Sede Nova,2015,-27.658077777777777,-53.973833333333324,0.0,5.0,0.0,969.1999999999999,3000.0
4320230,Sede Nova,2016,-27.658077777777777,-53.973833333333324,0.0,16.0,0.0,1458.0999999999995,3300.0
4320230,Sede Nova,2017,-27.658077777777777,-53.973833333333324,0.0,4.0,0.0,1009.6000000000001,3600.0
4320230,Sede Nova,2018,-27.658077777777777,-53.973833333333324,0.0,11.0,0.0,1015.7000000000003,3600.0
4320230,Sede Nova,2019,-27.658077777777777,-53.973833333333324,0.0,7.0,0.0,982.1000000000001,3600.0
4320230,Sede Nova,2020,-27.658077777777777,-53.973833333333324,76.0091192862225,8.0,4.0,767.6000000000001,2880.0
4320230,Sede Nova,2021,-27.658077777777777,-53.973833333333324,49.25637375566306,7.0,0.0,657.6,3300.0
4320230,Sede Nova,2022,-27.658077777777777,-53.973833333333324,225.84814747632342,10.0,15.0,840.1999999999998,900.0
4320230,Sede Nova,2023,-27.658077777777777,-53.973833333333324,227.52354371140132,7.0,0.0,578.3,2400.0
4320230,Sede Nova,2024,-27.658077777777777,-53.973833333333324,33.381512530886354,9.0,0.0,1720.3000000000002,3600.0
4321402,Tenente Portela,1980,-27.348807142857144,-53.74567857142858,0.0,0.0,0.0,0.0,1600.0
4321402,Tenente Portela,1981,-27.348807142857144,-53.74567857142858,0.0,2.0,0.0,425.9599999999999,1500.0
4321402,Tenente Portela,1982,-27.348807142857144,-53.74567857142858,150.12629312564195,18.0,2.0,755.7699999999998,1180.0
4321402,Tenente Portela,1983,-27.348807142857144,-53.74567857142858,0.0,5.0,0.0,1389.4100000000003,1659.0
4321402,Tenente Portela,1984,-27.348807142857144,-53.74567857142858,33.4082236875399,6.0,0.0,877.6399999999993,1800.0
4321402,Tenente Portela,1985,-27.348807142857144,-53.74567857142858,78.70025977183096,5.0,3.0,1059.0699999999997,1563.0
4321402,Tenente Portela,1986,-27.348807142857144,-53.74567857142858,204.1331139225329,4.0,11.0,661.0599999999998,1200.0
4321402,Tenente Portela,1987,-27.348807142857144,-53.74567857142858,58.12218429829595,10.0,1.0,892.5700000000003,1440.0
4321402,Tenente Portela,1988,-27.348807142857144,-53.74567857142858,126.55832660637812,5.0,1.0,768.7499999999998,1260.0
4321402,Tenente Portela,1989,-27.348807142857144,-53.74567857142858,0.0,9.0,0.0,902.9099999999999,1800.0
4321402,Tenente Portela,1990,-27.348807142857144,-53.74567857142858,0.0,5.0,0.0,930.2500000000005,1800.0
4321402,Tenente Portela,1991,-27.348807142857144,-53.74567857142858,285.4812962863136,12.0,3.0,818.84,630.0
4321402,Tenente Portela,1992,-27.348807142857144,-53.74567857142858,0.0,11.0,3.0,1073.7799999999997,1800.0
4321402,Tenente Portela,1993,-27.348807142857144,-53.74567857142858,22.577025491160022,6.0,0.0,1069.8699999999997,1800.0
4321402,Tenente Portela,1994,-27.348807142857144,-53.74567857142858,0.0,5.0,0.0,1204.4099999999999,1700.0
4321402,Tenente Portela,1995,-27.348807142857144,-53.74567857142858,0.0,5.0,0.0,1202.7900000000002,1860.0
4321402,Tenente Portela,1996,-27.348807142857144,-53.74567857142858,0.0,3.0,4.0,1067.2799999999997,1300.0
4321402,Tenente Portela,1997,-27.348807142857144,-53.74567857142858,0.0,4.0,0.0,1079.5400000000002,1350.0
4321402,Tenente Portela,1998,-27.348807142857144,-53.74567857142858,0.0,6.0,0.0,2056.72,1560.0
4321402,Tenente Portela,1999,-27.348807142857144,-53.74567857142858,170.9983496035625,5.0,0.0,745.1199999999999,965.0
4321402,Tenente Portela,2000,-27.348807142857144,-53.74567857142858,154.3451019380916,5.0,0.0,954.5500000000002,1800.0
4321402,Tenente Portela,2001,-27.348807142857144,-53.74567857142858,0.0,4.0,0.0,1181.7099999999994,2100.0
4321402,Tenente Portela,2002,-27.348807142857144,-53.74567857142858,215.5202580978147,9.0,1.0,778.7199999999997,1386.0
4321402,Tenente Portela,2003,-27.348807142857144,-53.74567857142858,0.0,8.0,0.0,1416.5500000000004,2220.0
4321402,Tenente Portela,2004,-27.348807142857144,-53.74567857142858,144.75988760467922,11.0,0.0,1013.9499999999997,1080.0
4321402,Tenente Portela,2005,-27.348807142857144,-53.74567857142858,346.5872810510227,20.0,13.0,643.0899999999997,600.0
4321402,Tenente Portela,2006,-27.348807142857144,-53.74567857142858,199.9395923223154,8.0,2.0,813.6299999999994,1380.0
4321402,Tenente Portela,2007,-27.348807142857144,-53.74567857142858,0.0,6.0,1.0,1010.9499999999995,2280.0
4321402,Tenente Portela,2008,-27.348807142857144,-53.74567857142858,200.7182151742304,10.0,0.0,825.56,1800.0
4321402,Tenente Portela,2009,-27.348807142857144,-53.74567857142858,200.60679961179605,5.0,0.0,826.5099999999999,1550.0
4321402,Tenente Portela,2010,-27.348807142857144,-53.74567857142858,0.0,10.0,0.0,1254.4399999999998,2400.0
4321402,Tenente Portela,2011,-27.348807142857144,-53.74567857142858,23.8982607393422,4.0,0.0,1039.1100000000004,3000.0
4321402,Tenente Portela,2012,-27.348807142857144,-53.74567857142858,278.84839776947496,12.0,16.0,579.1499999999999,1200.0
4321402,Tenente Portela,2013,-27.348807142857144,-53.74567857142858,203.84894484432058,8.0,7.0,1015.6200000000002,2700.0
4321402,Tenente Portela,2014,-27.348807142857144,-53.74567857142858,163.00043435554636,8.0,15.0,894.4599999999998,2700.0
4321402,Tenente Portela,2015,-27.348807142857144,-53.74567857142858,0.0,4.0,0.0,800.3499999999998,3000.0
4321402,Tenente Portela,2016,-27.348807142857144,-53.74567857142858,0.0,15.0,0.0,1286.8799999999999,2800.0
4321402,Tenente Portela,2017,-27.348807142857144,-53.74567857142858,1.164880121952427,5.0,0.0,1043.18,3300.0
4321402,Tenente Portela,2018,-27.348807142857144,-53.74567857142858,0.0,11.0,0.0,1166.6399999999999,3000.0
4321402,Tenente Portela,2019,-27.348807142857144,-53.74567857142858,148.09013700263705,8.0,5.0,838.47,3200.0
4321402,Tenente Portela,2020,-27.348807142857144,-53.74567857142858,260.2236966259177,8.0,16.0,630.9599999999995,3000.0
4321402,Tenente Portela,2021,-27.348807142857144,-53.74567857142858,211.49466584396896,6.0,4.0,574.5,3000.0
4321402,Tenente Portela,2022,-27.348807142857144,-53.74567857142858,351.0615258535443,8.0,39.0,772.0299999999999,840.0
4321402,Tenente Portela,2023,-27.348807142857144,-53.74567857142858,311.2568288213422,5.0,14.0,626.7899999999995,2820.0
4321402,Tenente Portela,2024,-27.348807142857144,-53.74567857142858,112.57236572061502,12.0,0.0,1490.3999999999987,3180.0
4321477,Tiradentes do Sul,1993,-27.37614166666667,-54.113241666666674,51.1175766687217,8.0,0.0,1138.7100000000005,1560.0
4321477,Tiradentes do Sul,1994,-27.37614166666667,-54.113241666666674,0.0,12.0,0.0,1339.3699999999992,1100.0
4321477,Tiradentes do Sul,1995,-27.37614166666667,-54.113241666666674,0.0,7.0,0.0,1147.8199999999997,1337.0
4321477,Tiradentes do Sul,1996,-27.37614166666667,-54.113241666666674,0.0,5.0,13.0,995.68,1170.0
4321477,Tiradentes do Sul,1997,-27.37614166666667,-54.113241666666674,0.0,6.0,1.0,1067.9299999999994,1020.0
4321477,Tiradentes do Sul,1998,-27.37614166666667,-54.113241666666674,0.0,6.0,0.0,1964.4600000000003,1100.0
4321477,Tiradentes do Sul,1999,-27.37614166666667,-54.113241666666674,237.06407592015182,6.0,4.0,759.5799999999999,896.0
4321477,Tiradentes do Sul,2000,-27.37614166666667,-54.113241666666674,242.4707074230432,6.0,24.0,912.2399999999996,1294.0
4321477,Tiradentes do Sul,2001,-27.37614166666667,-54.113241666666674,0.0,5.0,0.0,1184.68,1425.0
4321477,Tiradentes do Sul,2002,-27.37614166666667,-54.113241666666674,232.65050939177465,9.0,13.0,828.6199999999999,1170.0
4321477,Tiradentes do Sul,2003,-27.37614166666667,-54.113241666666674,0.0,8.0,0.0,1418.56,2100.0
4321477,Tiradentes do Sul,2004,-27.37614166666667,-54.113241666666674,217.11023142482114,11.0,2.0,992.6499999999996,915.0
4321477,Tiradentes do Sul,2005,-27.37614166666667,-54.113241666666674,454.19301101277455,22.0,38.0,586.1699999999994,210.0
4321477,Tiradentes do Sul,2006,-27.37614166666667,-54.113241666666674,288.4774948272408,7.0,21.0,742.3999999999994,720.0
4321477,Tiradentes do Sul,2007,-27.37614166666667,-54.113241666666674,31.263751753086776,7.0,4.0,1088.1699999999998,2160.0
4321477,Tiradentes do Sul,2008,-27.37614166666667,-54.113241666666674,231.40433719952568,10.0,10.0,804.4299999999995,900.0
4321477,Tiradentes do Sul,2009,-27.37614166666667,-54.113241666666674,220.50313047129922,5.0,14.0,820.4399999999996,1440.0
4321477,Tiradentes do Sul,2010,-27.37614166666667,-54.113241666666674,0.0,7.0,0.0,1262.04,2200.0
4321477,Tiradentes do Sul,2011,-27.37614166666667,-54.113241666666674,88.29729847507689,4.0,0.0,907.1499999999999,2700.0
4321477,Tiradentes do Sul,2012,-27.37614166666667,-54.113241666666674,345.8584949842202,9.0,36.0,551.69,1200.0
4321477,Tiradentes do Sul,2013,-27.37614166666667,-54.113241666666674,292.8241442414975,8.0,11.0,902.4599999999999,2200.0
4321477,Tiradentes do Sul,2014,-27.37614166666667,-54.113241666666674,265.29388399289155,8.0,36.0,788.9,2100.0
4321477,Tiradentes do Sul,2015,-27.37614166666667,-54.113241666666674,0.0,4.0,0.0,912.2099999999997,2700.0
4321477,Tiradentes do Sul,2016,-27.37614166666667,-54.113241666666674,0.0,15.0,0.0,1366.5900000000001,2700.0
4321477,Tiradentes do Sul,2017,-27.37614166666667,-54.113241666666674,0.0,4.0,0.0,1172.5499999999995,2700.0
4321477,Tiradentes do Sul,2018,-27.37614166666667,-54.113241666666674,35.1416594676056,11.0,0.0,1156.9799999999998,2700.0
4321477,Tiradentes do Sul,2019,-27.37614166666667,-54.113241666666674,241.9030530703745,8.0,22.0,782.2599999999999,3000.0
4321477,Tiradentes do Sul,2020,-27.37614166666667,-54.113241666666674,239.79087516156974,8.0,25.0,636.8099999999995,1485.0
4321477,Tiradentes do Sul,2021,-27.37614166666667,-54.113241666666674,252.52461622999598,6.0,23.0,623.56,3300.0
4321477,Tiradentes do Sul,2022,-27.37614166666667,-54.113241666666674,350.49916945717416,9.0,48.0,872.0299999999999,720.0
4321477,Tiradentes do Sul,2023,-27.37614166666667,-54.113241666666674,403.7632772366296,7.0,35.0,591.4699999999997,1500.0
4321477,Tiradentes do Sul,2024,-27.37614166666667,-54.113241666666674,99.71734527373357,11.0,0.0,1562.819999999999,3000.0
4321907,Três Passos,1980,-27.4402,-53.933066666666676,0.0,0.0,0.0,0.0,1800.0
4321907,Três Passos,1981,-27.4402,-53.933066666666676,0.0,2.0,0.0,425.9599999999999,1360.0
4321907,Três Passos,1982,-27.4402,-53.933066666666676,150.16805292747034,18.0,2.0,755.7699999999998,1200.0
4321907,Três Passos,1983,-27.4402,-53.933066666666676,0.0,5.0,0.0,1389.4100000000003,1166.0
4321907,Três Passos,1984,-27.4402,-53.933066666666676,33.441660041534575,6.0,0.0,877.6399999999993,1700.0
4321907,Três Passos,1985,-27.4402,-53.933066666666676,78.7403188209603,5.0,3.0,1059.0699999999997,1250.0
4321907,Três Passos,1986,-27.4402,-53.933066666666676,204.18069690724082,4.0,11.0,661.0599999999998,1200.0
4321907,Três Passos,1987,-27.4402,-53.933066666666676,58.16129858297706,10.0,1.0,892.5700000000003,1440.0
4321907,Três Passos,1988,-27.4402,-53.933066666666676,126.59636537209927,5.0,1.0,768.7499999999998,1080.0
4321907,Três Passos,1989,-27.4402,-53.933066666666676,0.0,9.0,0.0,902.9099999999999,1800.0
4321907,Três Passos,1990,-27.4402,-53.933066666666676,0.0,5.0,0.0,930.2500000000005,1260.0
4321907,Três Passos,1991,-27.4402,-53.933066666666676,285.5146694442216,12.0,3.0,818.84,630.0
4321907,Três Passos,1992,-27.4402,-53.933066666666676,0.0,11.0,3.0,1073.7799999999997,1800.0
4321907,Três Passos,1993,-27.4402,-53.933066666666676,22.6109580547311,6.0,0.0,1069.8699999999997,1589.0
4321907,Três Passos,1994,-27.4402,-53.933066666666676,0.0,5.0,0.0,1204.4099999999999,1465.0
4321907,Três Passos,1995,-27.4402,-53.933066666666676,0.0,5.0,0.0,1202.7900000000002,1800.0
4321907,Três Passos,1996,-27.4402,-53.933066666666676,0.0,3.0,4.0,1067.2799999999997,1540.0
4321907,Três Passos,1997,-27.4402,-53.933066666666676,0.0,4.0,0.0,1079.5400000000002,1260.0
4321907,Três Passos,1998,-27.4402,-53.933066666666676,0.0,6.0,0.0,2056.72,1500.0
4321907,Três Passos,1999,-27.4402,-53.933066666666676,171.0335646077442,5.0,0.0,745.1199999999999,1800.0
4321907,Três Passos,2000,-27.4402,-53.933066666666676,154.38380563069114,5.0,0.0,954.5500000000002,1800.0
4321907,Três Passos,2001,-27.4402,-53.933066666666676,0.0,4.0,0.0,1181.7099999999994,2300.0
4321907,Três Passos,2002,-27.4402,-53.933066666666676,215.55601982702777,9.0,1.0,778.7199999999997,1300.0
4321907,Três Passos,2003,-27.4402,-53.933066666666676,0.0,8.0,0.0,1416.5500000000004,2100.0
4321907,Três Passos,2004,-27.4402,-53.933066666666676,144.79253604727967,11.0,0.0,1013.9499999999997,1040.0
4321907,Três Passos,2005,-27.4402,-53.933066666666676,346.62112223338744,20.0,13.0,643.0899999999997,300.0
4321907,Três Passos,2006,-27.4402,-53.933066666666676,199.97629844866188,8.0,2.0,813.6299999999994,1100.0
4321907,Três Passos,2007,-27.4402,-53.933066666666676,0.0,6.0,1.0,1010.9499999999995,2520.0
4321907,Três Passos,2008,-27.4402,-53.933066666666676,200.753338254283,10.0,0.0,825.56,1260.0
4321907,Três Passos,2009,-27.4402,-53.933066666666676,200.64472269263047,5.0,0.0,826.5099999999999,1920.0
4321907,Três Passos,2010,-27.4402,-53.933066666666676,0.0,10.0,0.0,1254.4399999999998,2520.0
4321907,Três Passos,2011,-27.4402,-53.933066666666676,23.935493811562512,4.0,0.0,1039.1100000000004,2900.0
4321907,Três Passos,2012,-27.4402,-53.933066666666676,278.8900331997112,12.0,16.0,579.1499999999999,1300.0
4321907,Três Passos,2013,-27.4402,-53.933066666666676,203.88453189914375,8.0,7.0,1015.6200000000002,2700.0
4321907,Três Passos,2014,-27.4402,-53.933066666666676,163.03747750795057,8.0,15.0,894.4599999999998,3000.0
4321907,Três Passos,2015,-27.4402,-53.933066666666676,0.0,4.0,0.0,800.3499999999998,3000.0
4321907,Três Passos,2016,-27.4402,-53.933066666666676,0.0,15.0,0.0,1286.8799999999999,2700.0
4321907,Três Passos,2017,-27.4402,-53.933066666666676,1.1970948601001137,5.0,0.0,1043.18,2880.0
4321907,Três Passos,2018,-27.4402,-53.933066666666676,0.0,11.0,0.0,1166.6399999999999,3360.0
4321907,Três Passos,2019,-27.4402,-53.933066666666676,148.12524367116657,8.0,5.0,838.47,3120.0
4321907,Três Passos,2020,-27.4402,-53.933066666666676,260.26952481180496,8.0,16.0,630.9599999999995,3200.0
4321907,Três Passos,2021,-27.4402,-53.933066666666676,211.53202926234658,6.0,4.0,574.5,3300.0
4321907,Três Passos,2022,-27.4402,-53.933066666666676,351.1094904401541,8.0,39.0,772.0299999999999,720.0
4321907,Três Passos,2023,-27.4402,-53.933066666666676,311.2985606497701,5.0,14.0,626.7899999999995,2400.0
4321907,Três Passos,2024,-27.4402,-53.933066666666676,112.60707189534813,12.0,0.0,1490.3999999999987,2900.0
4323705,Vista Gaúcha,1989,-27.260787499999996,-53.71457500000001,0.0,4.0,0.0,897.9000000000001,1800.0
4323705,Vista Gaúcha,1990,-27.260787499999996,-53.71457500000001,0.0,5.0,0.0,1016.4000000000004,1800.0
4323705,Vista Gaúcha,1991,-27.260787499999996,-53.71457500000001,271.74991280097544,12.0,1.0,742.5000000000001,630.0
4323705,Vista Gaúcha,1992,-27.260787499999996,-53.71457500000001,0.0,8.0,0.0,1107.3999999999999,2100.0
4323705,Vista Gaúcha,1993,-27.260787499999996,-53.71457500000001,120.53697586836593,7.0,0.0,810.0,2000.0
4323705,Vista Gaúcha,1994,-27.260787499999996,-53.71457500000001,0.0,6.0,0.0,1134.1,2040.0
4323705,Vista Gaúcha,1995,-27.260787499999996,-53.71457500000001,0.0,7.0,0.0,1303.5999999999992,2040.0
4323705,Vista Gaúcha,1996,-27.260787499999996,-53.71457500000001,0.0,7.0,0.0,1099.7,1770.0
4323705,Vista Gaúcha,1997,-27.260787499999996,-53.71457500000001,0.0,5.0,0.0,1250.4999999999995,1575.0
4323705,Vista Gaúcha,1998,-27.260787499999996,-53.71457500000001,0.0,6.0,0.0,1986.1000000000008,2040.0
4323705,Vista Gaúcha,1999,-27.260787499999996,-53.71457500000001,41.38418986945053,6.0,0.0,934.6999999999999,1560.0
4323705,Vista Gaúcha,2000,-27.260787499999996,-53.71457500000001,62.373195987603225,8.0,0.0,902.5000000000003,1500.0
4323705,Vista Gaúcha,2001,-27.260787499999996,-53.71457500000001,0.0,6.0,0.0,1445.3,2520.0
4323705,Vista Gaúcha,2002,-27.260787499999996,-53.71457500000001,120.23929987208516,8.0,0.0,862.0999999999997,1307.0
4323705,Vista Gaúcha,2003,-27.260787499999996,-53.71457500000001,0.0,5.0,0.0,1236.9999999999998,2700.0
4323705,Vista Gaúcha,2004,-27.260787499999996,-53.71457500000001,120.43343238606407,7.0,0.0,947.3000000000004,1440.0
4323705,Vista Gaúcha,2005,-27.260787499999996,-53.71457500000001,261.1164714368861,18.0,2.0,687.9000000000004,600.0
4323705,Vista Gaúcha,2006,-27.260787499999996,-53.71457500000001,177.95381811232158,7.0,2.0,977.0,1080.0
4323705,Vista Gaúcha,2007,-27.260787499999996,-53.71457500000001,0.0,6.0,0.0,1065.0,2520.0
4323705,Vista Gaúcha,2008,-27.260787499999996,-53.71457500000001,119.46860402090559,10.0,0.0,906.1000000000005,1800.0
4323705,Vista Gaúcha,2009,-27.260787499999996,-53.71457500000001,124.8069358730894,7.0,0.0,859.0000000000001,1800.0
4323705,Vista Gaúcha,2010,-27.260787499999996,-53.71457500000001,0.0,9.0,0.0,1127.5000000000005,2400.0
4323705,Vista Gaúcha,2011,-27.260787499999996,-53.71457500000001,0.0,4.0,0.0,1234.5999999999997,3000.0
4323705,Vista Gaúcha,2012,-27.260787499999996,-53.71457500000001,226.4938389279902,10.0,6.0,582.7,1320.0
4323705,Vista Gaúcha,2013,-27.260787499999996,-53.71457500000001,0.0,7.0,0.0,998.8000000000002,2400.0
4323705,Vista Gaúcha,2014,-27.260787499999996,-53.71457500000001,117.39676203631942,8.0,7.0,808.4000000000001,2700.0
4323705,Vista Gaúcha,2015,-27.260787499999996,-53.71457500000001,0.0,4.0,0.0,1013.1000000000003,2700.0
4323705,Vista Gaúcha,2016,-27.260787499999996,-53.71457500000001,0.0,15.0,0.0,1559.299999999999,3000.0
4323705,Vista Gaúcha,2017,-27.260787499999996,-53.71457500000001,0.0,4.0,0.0,1111.2999999999997,2400.0
4323705,Vista Gaúcha,2018,-27.260787499999996,-53.71457500000001,0.0,9.0,0.0,1124.8,2700.0
4323705,Vista Gaúcha,2019,-27.260787499999996,-53.71457500000001,0.0,7.0,0.0,1124.2000000000003,2800.0
4323705,Vista Gaúcha,2020,-27.260787499999996,-53.71457500000001,57.399127339874155,9.0,1.0,861.1999999999998,2600.0
4323705,Vista Gaúcha,2021,-27.260787499999996,-53.71457500000001,0.0,7.0,0.0,777.5000000000003,2700.0
4323705,Vista Gaúcha,2022,-27.260787499999996,-53.71457500000001,248.10381614269218,9.0,11.0,871.0999999999999,1080.0
4323705,Vista Gaúcha,2023,-27.260787499999996,-53.71457500000001,158.1266374962848,6.0,0.0,683.0,2450.0
4323705,Vista Gaúcha,2024,-27.260787499999996,-53.71457500000001,40.221869736546644,10.0,0.0,1769.1999999999996,2880.0
